sezon_yil,tarih,ev_raw,dep_raw,ev_gol,dep_gol,kaynak
2024,2024-08-09,Galatasaray,Hatayspor,2.0,1.0,football-data.co.uk (ayna: xgabora/Club-Football-Match-Data-2000-2025)
2024,2024-08-10,Kasimpasa,Konyaspor,2.0,3.0,football-data.co.uk (ayna: xgabora/Club-Football-Match-Data-2000-2025)
2024,2024-08-10,Antalyaspor,Goztep,0.0,0.0,football-data.co.uk (ayna: xgabora/Club-Football-Match-Data-2000-2025)
2024,2024-08-10,Fenerbahce,Ad. Demirspor,1.0,0.0,football-data.co.uk (ayna: xgabora/Club-Football-Match-Data-2000-2025)
2024,2024-08-11,Sivasspor,Trabzonspor,0.0,0.0,football-data.co.uk (ayna: xgabora/Club-Football-Match-Data-2000-2025)
2024,2024-08-11,Alanyaspor,Eyupspor,1.0,1.0,football-data.co.uk (ayna: xgabora/Club-Football-Match-Data-2000-2025)
2024,2024-08-11,Samsunspor,Besiktas,0.0,2.0,football-data.co.uk (ayna: xgabora/Club-Football-Match-Data-2000-2025)
2024,2024-08-12,Bodrumspor,Gaziantep,0.0,1.0,football-data.co.uk (ayna: xgabora/Club-Football-Match-Data-2000-2025)
2024,2024-08-12,Rizespor,Buyuksehyr,1.0,1.0,football-data.co.uk (ayna: xgabora/Club-Football-Match-Data-2000-2025)
2024,2024-08-16,Konyaspor,Galatasaray,1.0,2.0,football-data.co.uk (ayna: xgabora/Club-Football-Match-Data-2000-2025)
2024,2024-08-17,Kayserispor,Sivasspor,1.0,2.0,football-data.co.uk (ayna: xgabora/Club-Football-Match-Data-2000-2025)
2024,2024-08-17,Ad. Demirspor,Rizespor,1.0,2.0,football-data.co.uk (ayna: xgabora/Club-Football-Match-Data-2000-2025)
2024,2024-08-17,Goztep,Fenerbahce,2.0,2.0,football-data.co.uk (ayna: xgabora/Club-Football-Match-Data-2000-2025)
2024,2024-08-18,Buyuksehyr,Alanyaspor,4.0,2.0,football-data.co.uk (ayna: xgabora/Club-Football-Match-Data-2000-2025)
2024,2024-08-18,Besiktas,Antalyaspor,4.0,2.0,football-data.co.uk (ayna: xgabora/Club-Football-Match-Data-2000-2025)
2024,2024-08-18,Gaziantep,Samsunspor,0.0,1.0,football-data.co.uk (ayna: xgabora/Club-Football-Match-Data-2000-2025)
2024,2024-08-19,Eyupspor,Bodrumspor,4.0,1.0,football-data.co.uk (ayna: xgabora/Club-Football-Match-Data-2000-2025)
2024,2024-08-19,Hatayspor,Kasimpasa,1.0,1.0,football-data.co.uk (ayna: xgabora/Club-Football-Match-Data-2000-2025)
2024,2024-08-23,Alanyaspor,Goztep,1.0,1.0,football-data.co.uk (ayna: xgabora/Club-Football-Match-Data-2000-2025)
2024,2024-08-24,Sivasspor,Eyupspor,0.0,1.0,football-data.co.uk (ayna: xgabora/Club-Football-Match-Data-2000-2025)
2024,2024-08-24,Bodrumspor,Konyaspor,3.0,1.0,football-data.co.uk (ayna: xgabora/Club-Football-Match-Data-2000-2025)
2024,2024-08-25,Kasimpasa,Ad. Demirspor,2.0,2.0,football-data.co.uk (ayna: xgabora/Club-Football-Match-Data-2000-2025)
2024,2024-08-25,Antalyaspor,Hatayspor,3.0,2.0,football-data.co.uk (ayna: xgabora/Club-Football-Match-Data-2000-2025)
2024,2024-08-25,Rizespor,Fenerbahce,0.0,5.0,football-data.co.uk (ayna: xgabora/Club-Football-Match-Data-2000-2025)
2024,2024-08-30,Fenerbahce,Alanyaspor,3.0,0.0,football-data.co.uk (ayna: xgabora/Club-Football-Match-Data-2000-2025)
2024,2024-08-31,Konyaspor,Kayserispor,0.0,0.0,football-data.co.uk (ayna: xgabora/Club-Football-Match-Data-2000-2025)
2024,2024-08-31,Rizespor,Kasimpasa,0.0,1.0,football-data.co.uk (ayna: xgabora/Club-Football-Match-Data-2000-2025)
2024,2024-08-31,Ad. Demirspor,Galatasaray,1.0,5.0,football-data.co.uk (ayna: xgabora/Club-Football-Match-Data-2000-2025)
2024,2024-08-31,Goztep,Bodrumspor,2.0,0.0,football-data.co.uk (ayna: xgabora/Club-Football-Match-Data-2000-2025)
2024,2024-09-01,Buyuksehyr,Antalyaspor,5.0,2.0,football-data.co.uk (ayna: xgabora/Club-Football-Match-Data-2000-2025)
2024,2024-09-01,Eyupspor,Trabzonspor,0.0,0.0,football-data.co.uk (ayna: xgabora/Club-Football-Match-Data-2000-2025)
2024,2024-09-01,Besiktas,Sivasspor,2.0,0.0,football-data.co.uk (ayna: xgabora/Club-Football-Match-Data-2000-2025)
2024,2024-09-01,Hatayspor,Samsunspor,0.0,3.0,football-data.co.uk (ayna: xgabora/Club-Football-Match-Data-2000-2025)
2024,2024-09-14,Samsunspor,Konyaspor,0.0,1.0,football-data.co.uk (ayna: xgabora/Club-Football-Match-Data-2000-2025)
2024,2024-09-14,Sivasspor,Gaziantep,3.0,2.0,football-data.co.uk (ayna: xgabora/Club-Football-Match-Data-2000-2025)
2024,2024-09-14,Bodrumspor,Buyuksehyr,0.0,1.0,football-data.co.uk (ayna: xgabora/Club-Football-Match-Data-2000-2025)
2024,2024-09-14,Galatasaray,Rizespor,5.0,0.0,football-data.co.uk (ayna: xgabora/Club-Football-Match-Data-2000-2025)
2024,2024-09-15,Kasimpasa,Fenerbahce,0.0,2.0,football-data.co.uk (ayna: xgabora/Club-Football-Match-Data-2000-2025)
2024,2024-09-15,Kayserispor,Eyupspor,2.0,2.0,football-data.co.uk (ayna: xgabora/Club-Football-Match-Data-2000-2025)
2024,2024-09-15,Alanyaspor,Hatayspor,0.0,0.0,football-data.co.uk (ayna: xgabora/Club-Football-Match-Data-2000-2025)
2024,2024-09-15,Trabzonspor,Besiktas,1.0,1.0,football-data.co.uk (ayna: xgabora/Club-Football-Match-Data-2000-2025)
2024,2024-09-16,Antalyaspor,Ad. Demirspor,2.0,1.0,football-data.co.uk (ayna: xgabora/Club-Football-Match-Data-2000-2025)
2024,2024-09-17,Galatasaray,Gaziantep,3.0,1.0,football-data.co.uk (ayna: xgabora/Club-Football-Match-Data-2000-2025)
2024,2024-09-18,Samsunspor,Buyuksehyr,2.0,0.0,football-data.co.uk (ayna: xgabora/Club-Football-Match-Data-2000-2025)
2024,2024-09-19,Trabzonspor,Kayserispor,2.0,2.0,football-data.co.uk (ayna: xgabora/Club-Football-Match-Data-2000-2025)
2024,2024-09-20,Hatayspor,Bodrumspor,0.0,1.0,football-data.co.uk (ayna: xgabora/Club-Football-Match-Data-2000-2025)
2024,2024-09-21,Konyaspor,Sivasspor,0.0,0.0,football-data.co.uk (ayna: xgabora/Club-Football-Match-Data-2000-2025)
2024,2024-09-21,Fenerbahce,Galatasaray,1.0,3.0,football-data.co.uk (ayna: xgabora/Club-Football-Match-Data-2000-2025)
2024,2024-09-22,Kasimpasa,Antalyaspor,0.0,0.0,football-data.co.uk (ayna: xgabora/Club-Football-Match-Data-2000-2025)
2024,2024-09-22,Rizespor,Samsunspor,0.0,1.0,football-data.co.uk (ayna: xgabora/Club-Football-Match-Data-2000-2025)
2024,2024-09-22,Ad. Demirspor,Alanyaspor,0.0,2.0,football-data.co.uk (ayna: xgabora/Club-Football-Match-Data-2000-2025)
2024,2024-09-22,Besiktas,Eyupspor,2.0,1.0,football-data.co.uk (ayna: xgabora/Club-Football-Match-Data-2000-2025)
2024,2024-09-23,Gaziantep,Trabzonspor,0.0,0.0,football-data.co.uk (ayna: xgabora/Club-Football-Match-Data-2000-2025)
2024,2024-09-23,Goztep,Kayserispor,3.0,0.0,football-data.co.uk (ayna: xgabora/Club-Football-Match-Data-2000-2025)
2024,2024-09-27,Sivasspor,Buyuksehyr,1.0,2.0,football-data.co.uk (ayna: xgabora/Club-Football-Match-Data-2000-2025)
2024,2024-09-28,Samsunspor,Goztep,4.0,3.0,football-data.co.uk (ayna: xgabora/Club-Football-Match-Data-2000-2025)
2024,2024-09-28,Alanyaspor,Rizespor,1.0,0.0,football-data.co.uk (ayna: xgabora/Club-Football-Match-Data-2000-2025)
2024,2024-09-28,Galatasaray,Kasimpasa,3.0,3.0,football-data.co.uk (ayna: xgabora/Club-Football-Match-Data-2000-2025)
2024,2024-09-29,Eyupspor,Gaziantep,3.0,2.0,football-data.co.uk (ayna: xgabora/Club-Football-Match-Data-2000-2025)
2024,2024-09-29,Trabzonspor,Konyaspor,3.0,2.0,football-data.co.uk (ayna: xgabora/Club-Football-Match-Data-2000-2025)
2024,2024-09-29,Antalyaspor,Fenerbahce,0.0,2.0,football-data.co.uk (ayna: xgabora/Club-Football-Match-Data-2000-2025)
2024,2024-09-29,Bodrumspor,Ad. Demirspor,3.0,1.0,football-data.co.uk (ayna: xgabora/Club-Football-Match-Data-2000-2025)
2024,2024-09-30,Kayserispor,Besiktas,0.0,3.0,football-data.co.uk (ayna: xgabora/Club-Football-Match-Data-2000-2025)
2024,2024-10-04,Rizespor,Antalyaspor,2.0,1.0,football-data.co.uk (ayna: xgabora/Club-Football-Match-Data-2000-2025)
2024,2024-10-05,Kasimpasa,Bodrumspor,0.0,0.0,football-data.co.uk (ayna: xgabora/Club-Football-Match-Data-2000-2025)
2024,2024-10-05,Goztep,Sivasspor,3.0,2.0,football-data.co.uk (ayna: xgabora/Club-Football-Match-Data-2000-2025)
2024,2024-10-05,Buyuksehyr,Kayserispor,1.0,1.0,football-data.co.uk (ayna: xgabora/Club-Football-Match-Data-2000-2025)
2024,2024-10-05,Hatayspor,Trabzonspor,1.0,1.0,football-data.co.uk (ayna: xgabora/Club-Football-Match-Data-2000-2025)
2024,2024-10-06,Konyaspor,Eyupspor,2.0,1.0,football-data.co.uk (ayna: xgabora/Club-Football-Match-Data-2000-2025)
2024,2024-10-06,Ad. Demirspor,Samsunspor,1.0,3.0,football-data.co.uk (ayna: xgabora/Club-Football-Match-Data-2000-2025)
2024,2024-10-06,Galatasaray,Alanyaspor,1.0,0.0,football-data.co.uk (ayna: xgabora/Club-Football-Match-Data-2000-2025)
2024,2024-10-06,Gaziantep,Besiktas,1.0,1.0,football-data.co.uk (ayna: xgabora/Club-Football-Match-Data-2000-2025)
2024,2024-10-19,Kayserispor,Gaziantep,2.0,2.0,football-data.co.uk (ayna: xgabora/Club-Football-Match-Data-2000-2025)
2024,2024-10-19,Trabzonspor,Buyuksehyr,1.0,0.0,football-data.co.uk (ayna: xgabora/Club-Football-Match-Data-2000-2025)
2024,2024-10-19,Antalyaspor,Galatasaray,0.0,3.0,football-data.co.uk (ayna: xgabora/Club-Football-Match-Data-2000-2025)
2024,2024-10-19,Eyupspor,Goztep,1.0,0.0,football-data.co.uk (ayna: xgabora/Club-Football-Match-Data-2000-2025)
2024,2024-10-20,Sivasspor,Hatayspor,3.0,2.0,football-data.co.uk (ayna: xgabora/Club-Football-Match-Data-2000-2025)
2024,2024-10-20,Besiktas,Konyaspor,2.0,0.0,football-data.co.uk (ayna: xgabora/Club-Football-Match-Data-2000-2025)
2024,2024-10-20,Alanyaspor,Kasimpasa,1.0,2.0,football-data.co.uk (ayna: xgabora/Club-Football-Match-Data-2000-2025)
2024,2024-10-20,Samsunspor,Fenerbahce,2.0,2.0,football-data.co.uk (ayna: xgabora/Club-Football-Match-Data-2000-2025)
2024,2024-10-21,Bodrumspor,Rizespor,0.0,1.0,football-data.co.uk (ayna: xgabora/Club-Football-Match-Data-2000-2025)
2024,2024-11-23,Eyupspor,Rizespor,1.0,2.0,football-data.co.uk (ayna: xgabora/Club-Football-Match-Data-2000-2025)
2024,2024-11-23,Gaziantep,Buyuksehyr,3.0,0.0,football-data.co.uk (ayna: xgabora/Club-Football-Match-Data-2000-2025)
2024,2024-11-23,Kayserispor,Fenerbahce,2.0,6.0,football-data.co.uk (ayna: xgabora/Club-Football-Match-Data-2000-2025)
2024,2024-11-23,Bodrumspor,Galatasaray,0.0,1.0,football-data.co.uk (ayna: xgabora/Club-Football-Match-Data-2000-2025)
2024,2024-11-24,Sivasspor,Kasimpasa,0.0,0.0,football-data.co.uk (ayna: xgabora/Club-Football-Match-Data-2000-2025)
2024,2024-11-24,Konyaspor,Hatayspor,1.0,1.0,football-data.co.uk (ayna: xgabora/Club-Football-Match-Data-2000-2025)
2024,2024-11-24,Samsunspor,Alanyaspor,1.0,1.0,football-data.co.uk (ayna: xgabora/Club-Football-Match-Data-2000-2025)
2024,2024-11-24,Besiktas,Goztep,2.0,4.0,football-data.co.uk (ayna: xgabora/Club-Football-Match-Data-2000-2025)
2024,2024-11-25,Trabzonspor,Ad. Demirspor,5.0,0.0,football-data.co.uk (ayna: xgabora/Club-Football-Match-Data-2000-2025)
2024,2024-11-29,Antalyaspor,Sivasspor,2.0,1.0,football-data.co.uk (ayna: xgabora/Club-Football-Match-Data-2000-2025)
2024,2024-11-30,Samsunspor,Bodrumspor,4.0,0.0,football-data.co.uk (ayna: xgabora/Club-Football-Match-Data-2000-2025)
2024,2024-11-30,Ad. Demirspor,Konyaspor,0.0,1.0,football-data.co.uk (ayna: xgabora/Club-Football-Match-Data-2000-2025)
2024,2024-11-30,Alanyaspor,Trabzonspor,2.0,1.0,football-data.co.uk (ayna: xgabora/Club-Football-Match-Data-2000-2025)
2024,2024-11-30,Buyuksehyr,Goztep,4.0,1.0,football-data.co.uk (ayna: xgabora/Club-Football-Match-Data-2000-2025)
2024,2024-12-01,Rizespor,Kayserispor,3.0,0.0,football-data.co.uk (ayna: xgabora/Club-Football-Match-Data-2000-2025)
2024,2024-12-01,Galatasaray,Eyupspor,2.0,2.0,football-data.co.uk (ayna: xgabora/Club-Football-Match-Data-2000-2025)
2024,2024-12-02,Fenerbahce,Gaziantep,3.0,1.0,football-data.co.uk (ayna: xgabora/Club-Football-Match-Data-2000-2025)
2024,2024-12-02,Hatayspor,Besiktas,1.0,1.0,football-data.co.uk (ayna: xgabora/Club-Football-Match-Data-2000-2025)
2024,2024-12-06,Trabzonspor,Kasimpasa,2.0,2.0,football-data.co.uk (ayna: xgabora/Club-Football-Match-Data-2000-2025)
2024,2024-12-07,Konyaspor,Antalyaspor,1.0,1.0,football-data.co.uk (ayna: xgabora/Club-Football-Match-Data-2000-2025)
2024,2024-12-07,Goztep,Ad. Demirspor,3.0,1.0,football-data.co.uk (ayna: xgabora/Club-Football-Match-Data-2000-2025)
2024,2024-12-07,Besiktas,Fenerbahce,1.0,0.0,football-data.co.uk (ayna: xgabora/Club-Football-Match-Data-2000-2025)
2024,2024-12-08,Eyupspor,Samsunspor,3.0,0.0,football-data.co.uk (ayna: xgabora/Club-Football-Match-Data-2000-2025)
2024,2024-12-08,Kayserispor,Alanyaspor,2.0,0.0,football-data.co.uk (ayna: xgabora/Club-Football-Match-Data-2000-2025)
2024,2024-12-08,Sivasspor,Galatasaray,2.0,3.0,football-data.co.uk (ayna: xgabora/Club-Football-Match-Data-2000-2025)
2024,2024-12-08,Buyuksehyr,Hatayspor,3.0,0.0,football-data.co.uk (ayna: xgabora/Club-Football-Match-Data-2000-2025)
2024,2024-12-09,Gaziantep,Rizespor,1.0,0.0,football-data.co.uk (ayna: xgabora/Club-Football-Match-Data-2000-2025)
2024,2024-12-13,Bodrumspor,Sivasspor,2.0,0.0,football-data.co.uk (ayna: xgabora/Club-Football-Match-Data-2000-2025)
2024,2024-12-13,Kasimpasa,Eyupspor,2.0,0.0,football-data.co.uk (ayna: xgabora/Club-Football-Match-Data-2000-2025)
2024,2024-12-14,Rizespor,Konyaspor,1.0,1.0,football-data.co.uk (ayna: xgabora/Club-Football-Match-Data-2000-2025)
2024,2024-12-14,Alanyaspor,Gaziantep,3.0,0.0,football-data.co.uk (ayna: xgabora/Club-Football-Match-Data-2000-2025)
2024,2024-12-15,Hatayspor,Goztep,1.0,1.0,football-data.co.uk (ayna: xgabora/Club-Football-Match-Data-2000-2025)
2024,2024-12-15,Antalyaspor,Kayserispor,2.0,0.0,football-data.co.uk (ayna: xgabora/Club-Football-Match-Data-2000-2025)
2024,2024-12-15,Fenerbahce,Buyuksehyr,3.0,1.0,football-data.co.uk (ayna: xgabora/Club-Football-Match-Data-2000-2025)
2024,2024-12-16,Ad. Demirspor,Besiktas,2.0,1.0,football-data.co.uk (ayna: xgabora/Club-Football-Match-Data-2000-2025)
2024,2024-12-16,Galatasaray,Trabzonspor,4.0,3.0,football-data.co.uk (ayna: xgabora/Club-Football-Match-Data-2000-2025)
2024,2024-12-20,Eyupspor,Fenerbahce,1.0,1.0,football-data.co.uk (ayna: xgabora/Club-Football-Match-Data-2000-2025)
2024,2024-12-21,Sivasspor,Samsunspor,0.0,0.0,football-data.co.uk (ayna: xgabora/Club-Football-Match-Data-2000-2025)
2024,2024-12-21,Besiktas,Alanyaspor,1.0,1.0,football-data.co.uk (ayna: xgabora/Club-Football-Match-Data-2000-2025)
2024,2024-12-22,Gaziantep,Antalyaspor,2.0,0.0,football-data.co.uk (ayna: xgabora/Club-Football-Match-Data-2000-2025)
2024,2024-12-22,Goztep,Rizespor,3.0,0.0,football-data.co.uk (ayna: xgabora/Club-Football-Match-Data-2000-2025)
2024,2024-12-22,Kayserispor,Galatasaray,1.0,5.0,football-data.co.uk (ayna: xgabora/Club-Football-Match-Data-2000-2025)
2024,2024-12-22,Trabzonspor,Bodrumspor,1.0,0.0,football-data.co.uk (ayna: xgabora/Club-Football-Match-Data-2000-2025)
2024,2024-12-23,Buyuksehyr,Kasimpasa,2.0,2.0,football-data.co.uk (ayna: xgabora/Club-Football-Match-Data-2000-2025)
2024,2024-12-23,Hatayspor,Ad. Demirspor,1.0,3.0,football-data.co.uk (ayna: xgabora/Club-Football-Match-Data-2000-2025)
2024,2025-01-03,Alanyaspor,Konyaspor,2.0,1.0,football-data.co.uk (ayna: xgabora/Club-Football-Match-Data-2000-2025)
2024,2025-01-03,Rizespor,Besiktas,1.0,1.0,football-data.co.uk (ayna: xgabora/Club-Football-Match-Data-2000-2025)
2024,2025-01-04,Ad. Demirspor,Buyuksehyr,0.0,1.0,football-data.co.uk (ayna: xgabora/Club-Football-Match-Data-2000-2025)
2024,2025-01-04,Antalyaspor,Eyupspor,1.0,4.0,football-data.co.uk (ayna: xgabora/Club-Football-Match-Data-2000-2025)
2024,2025-01-04,Galatasaray,Goztep,2.0,1.0,football-data.co.uk (ayna: xgabora/Club-Football-Match-Data-2000-2025)
2024,2025-01-04,Samsunspor,Trabzonspor,2.0,1.0,football-data.co.uk (ayna: xgabora/Club-Football-Match-Data-2000-2025)
2024,2025-01-05,Kasimpasa,Gaziantep,2.0,2.0,football-data.co.uk (ayna: xgabora/Club-Football-Match-Data-2000-2025)
2024,2025-01-05,Bodrumspor,Kayserispor,1.0,1.0,football-data.co.uk (ayna: xgabora/Club-Football-Match-Data-2000-2025)
2024,2025-01-05,Fenerbahce,Hatayspor,2.0,1.0,football-data.co.uk (ayna: xgabora/Club-Football-Match-Data-2000-2025)
2024,2025-01-11,Kayserispor,Samsunspor,0.0,1.0,football-data.co.uk (ayna: xgabora/Club-Football-Match-Data-2000-2025)
2024,2025-01-11,Hatayspor,Rizespor,1.0,2.0,football-data.co.uk (ayna: xgabora/Club-Football-Match-Data-2000-2025)
2024,2025-01-11,Besiktas,Bodrumspor,2.0,1.0,football-data.co.uk (ayna: xgabora/Club-Football-Match-Data-2000-2025)
2024,2025-01-12,Sivasspor,Alanyaspor,1.0,1.0,football-data.co.uk (ayna: xgabora/Club-Football-Match-Data-2000-2025)
2024,2025-01-12,Trabzonspor,Antalyaspor,5.0,0.0,football-data.co.uk (ayna: xgabora/Club-Football-Match-Data-2000-2025)
2024,2025-01-12,Buyuksehyr,Galatasaray,1.0,2.0,football-data.co.uk (ayna: xgabora/Club-Football-Match-Data-2000-2025)
2024,2025-01-12,Gaziantep,Ad. Demirspor,1.0,0.0,football-data.co.uk (ayna: xgabora/Club-Football-Match-Data-2000-2025)
2024,2025-01-13,Goztep,Kasimpasa,5.0,0.0,football-data.co.uk (ayna: xgabora/Club-Football-Match-Data-2000-2025)
2024,2025-01-13,Konyaspor,Fenerbahce,2.0,3.0,football-data.co.uk (ayna: xgabora/Club-Football-Match-Data-2000-2025)
2024,2025-01-17,Hatayspor,Galatasaray,1.0,1.0,football-data.co.uk (ayna: xgabora/Club-Football-Match-Data-2000-2025)
2024,2025-01-18,Buyuksehyr,Rizespor,2.0,0.0,football-data.co.uk (ayna: xgabora/Club-Football-Match-Data-2000-2025)
2024,2025-01-18,Gaziantep,Bodrumspor,0.0,0.0,football-data.co.uk (ayna: xgabora/Club-Football-Match-Data-2000-2025)
2024,2025-01-18,Besiktas,Samsunspor,0.0,0.0,football-data.co.uk (ayna: xgabora/Club-Football-Match-Data-2000-2025)
2024,2025-01-19,Goztep,Antalyaspor,1.0,0.0,football-data.co.uk (ayna: xgabora/Club-Football-Match-Data-2000-2025)
2024,2025-01-19,Konyaspor,Kasimpasa,3.0,3.0,football-data.co.uk (ayna: xgabora/Club-Football-Match-Data-2000-2025)
2024,2025-01-19,Ad. Demirspor,Fenerbahce,0.0,4.0,football-data.co.uk (ayna: xgabora/Club-Football-Match-Data-2000-2025)
2024,2025-01-19,Eyupspor,Alanyaspor,3.0,0.0,football-data.co.uk (ayna: xgabora/Club-Football-Match-Data-2000-2025)
2024,2025-01-20,Trabzonspor,Sivasspor,4.0,0.0,football-data.co.uk (ayna: xgabora/Club-Football-Match-Data-2000-2025)
2024,2025-01-24,Samsunspor,Gaziantep,2.0,1.0,football-data.co.uk (ayna: xgabora/Club-Football-Match-Data-2000-2025)
2024,2025-01-25,Sivasspor,Kayserispor,5.0,2.0,football-data.co.uk (ayna: xgabora/Club-Football-Match-Data-2000-2025)
2024,2025-01-25,Alanyaspor,Buyuksehyr,5.0,4.0,football-data.co.uk (ayna: xgabora/Club-Football-Match-Data-2000-2025)
2024,2025-01-25,Galatasaray,Konyaspor,1.0,0.0,football-data.co.uk (ayna: xgabora/Club-Football-Match-Data-2000-2025)
2024,2025-01-26,Rizespor,Ad. Demirspor,3.0,2.0,football-data.co.uk (ayna: xgabora/Club-Football-Match-Data-2000-2025)
2024,2025-01-26,Antalyaspor,Besiktas,1.0,1.0,football-data.co.uk (ayna: xgabora/Club-Football-Match-Data-2000-2025)
2024,2025-01-26,Bodrumspor,Eyupspor,0.0,1.0,football-data.co.uk (ayna: xgabora/Club-Football-Match-Data-2000-2025)
2024,2025-01-26,Fenerbahce,Goztep,3.0,2.0,football-data.co.uk (ayna: xgabora/Club-Football-Match-Data-2000-2025)
2024,2025-01-27,Kasimpasa,Hatayspor,5.0,4.0,football-data.co.uk (ayna: xgabora/Club-Football-Match-Data-2000-2025)
2024,2025-01-31,Eyupspor,Sivasspor,1.0,0.0,football-data.co.uk (ayna: xgabora/Club-Football-Match-Data-2000-2025)
2024,2025-01-31,Konyaspor,Bodrumspor,3.0,1.0,football-data.co.uk (ayna: xgabora/Club-Football-Match-Data-2000-2025)
2024,2025-02-01,Hatayspor,Antalyaspor,2.0,3.0,football-data.co.uk (ayna: xgabora/Club-Football-Match-Data-2000-2025)
2024,2025-02-01,Kayserispor,Trabzonspor,0.0,0.0,football-data.co.uk (ayna: xgabora/Club-Football-Match-Data-2000-2025)
2024,2025-02-01,Buyuksehyr,Samsunspor,4.0,0.0,football-data.co.uk (ayna: xgabora/Club-Football-Match-Data-2000-2025)
2024,2025-02-02,Ad. Demirspor,Kasimpasa,3.0,5.0,football-data.co.uk (ayna: xgabora/Club-Football-Match-Data-2000-2025)
2024,2025-02-02,Goztep,Alanyaspor,0.0,1.0,football-data.co.uk (ayna: xgabora/Club-Football-Match-Data-2000-2025)
2024,2025-02-02,Fenerbahce,Rizespor,3.0,2.0,football-data.co.uk (ayna: xgabora/Club-Football-Match-Data-2000-2025)
2024,2025-02-03,Gaziantep,Galatasaray,0.0,1.0,football-data.co.uk (ayna: xgabora/Club-Football-Match-Data-2000-2025)
2024,2025-02-07,Samsunspor,Hatayspor,2.0,0.0,football-data.co.uk (ayna: xgabora/Club-Football-Match-Data-2000-2025)
2024,2025-02-08,Kayserispor,Konyaspor,3.0,2.0,football-data.co.uk (ayna: xgabora/Club-Football-Match-Data-2000-2025)
2024,2025-02-08,Sivasspor,Besiktas,0.0,2.0,football-data.co.uk (ayna: xgabora/Club-Football-Match-Data-2000-2025)
2024,2025-02-09,Kasimpasa,Rizespor,3.0,2.0,football-data.co.uk (ayna: xgabora/Club-Football-Match-Data-2000-2025)
2024,2025-02-09,Alanyaspor,Fenerbahce,0.0,2.0,football-data.co.uk (ayna: xgabora/Club-Football-Match-Data-2000-2025)
2024,2025-02-09,Antalyaspor,Buyuksehyr,0.0,0.0,football-data.co.uk (ayna: xgabora/Club-Football-Match-Data-2000-2025)
2024,2025-02-10,Bodrumspor,Goztep,0.0,0.0,football-data.co.uk (ayna: xgabora/Club-Football-Match-Data-2000-2025)
2024,2025-02-10,Trabzonspor,Eyupspor,1.0,0.0,football-data.co.uk (ayna: xgabora/Club-Football-Match-Data-2000-2025)
2024,2025-02-14,Ad. Demirspor,Antalyaspor,1.0,1.0,football-data.co.uk (ayna: xgabora/Club-Football-Match-Data-2000-2025)
2024,2025-02-15,Gaziantep,Sivasspor,2.0,1.0,football-data.co.uk (ayna: xgabora/Club-Football-Match-Data-2000-2025)
2024,2025-02-15,Buyuksehyr,Bodrumspor,0.0,1.0,football-data.co.uk (ayna: xgabora/Club-Football-Match-Data-2000-2025)
2024,2025-02-15,Besiktas,Trabzonspor,2.0,1.0,football-data.co.uk (ayna: xgabora/Club-Football-Match-Data-2000-2025)
2024,2025-02-16,Hatayspor,Alanyaspor,1.0,0.0,football-data.co.uk (ayna: xgabora/Club-Football-Match-Data-2000-2025)
2024,2025-02-16,Eyupspor,Kayserispor,1.0,1.0,football-data.co.uk (ayna: xgabora/Club-Football-Match-Data-2000-2025)
2024,2025-02-16,Konyaspor,Samsunspor,0.0,1.0,football-data.co.uk (ayna: xgabora/Club-Football-Match-Data-2000-2025)
2024,2025-02-16,Fenerbahce,Kasimpasa,3.0,1.0,football-data.co.uk (ayna: xgabora/Club-Football-Match-Data-2000-2025)
2024,2025-02-17,Rizespor,Galatasaray,1.0,2.0,football-data.co.uk (ayna: xgabora/Club-Football-Match-Data-2000-2025)
2024,2025-02-21,Bodrumspor,Hatayspor,1.0,0.0,football-data.co.uk (ayna: xgabora/Club-Football-Match-Data-2000-2025)
2024,2025-02-21,Eyupspor,Besiktas,1.0,3.0,football-data.co.uk (ayna: xgabora/Club-Football-Match-Data-2000-2025)
2024,2025-02-22,Sivasspor,Konyaspor,1.0,1.0,football-data.co.uk (ayna: xgabora/Club-Football-Match-Data-2000-2025)
2024,2025-02-22,Antalyaspor,Kasimpasa,2.0,1.0,football-data.co.uk (ayna: xgabora/Club-Football-Match-Data-2000-2025)
2024,2025-02-22,Samsunspor,Rizespor,2.0,3.0,football-data.co.uk (ayna: xgabora/Club-Football-Match-Data-2000-2025)
2024,2025-02-23,Kayserispor,Goztep,1.0,0.0,football-data.co.uk (ayna: xgabora/Club-Football-Match-Data-2000-2025)
2024,2025-02-23,Alanyaspor,Ad. Demirspor,3.0,2.0,football-data.co.uk (ayna: xgabora/Club-Football-Match-Data-2000-2025)
2024,2025-02-23,Trabzonspor,Gaziantep,3.0,2.0,football-data.co.uk (ayna: xgabora/Club-Football-Match-Data-2000-2025)
2024,2025-02-24,Galatasaray,Fenerbahce,0.0,0.0,football-data.co.uk (ayna: xgabora/Club-Football-Match-Data-2000-2025)
2024,2025-03-01,Ad. Demirspor,Bodrumspor,0.0,0.0,football-data.co.uk (ayna: xgabora/Club-Football-Match-Data-2000-2025)
2024,2025-03-01,Besiktas,Kayserispor,2.0,0.0,football-data.co.uk (ayna: xgabora/Club-Football-Match-Data-2000-2025)
2024,2025-03-02,Rizespor,Alanyaspor,3.0,1.0,football-data.co.uk (ayna: xgabora/Club-Football-Match-Data-2000-2025)
2024,2025-03-02,Kasimpasa,Galatasaray,3.0,3.0,football-data.co.uk (ayna: xgabora/Club-Football-Match-Data-2000-2025)
2024,2025-03-02,Fenerbahce,Antalyaspor,3.0,0.0,football-data.co.uk (ayna: xgabora/Club-Football-Match-Data-2000-2025)
2024,2025-03-03,Gaziantep,Eyupspor,3.0,1.0,football-data.co.uk (ayna: xgabora/Club-Football-Match-Data-2000-2025)
2024,2025-03-03,Konyaspor,Trabzonspor,1.0,0.0,football-data.co.uk (ayna: xgabora/Club-Football-Match-Data-2000-2025)
2024,2025-03-03,Goztep,Samsunspor,2.0,2.0,football-data.co.uk (ayna: xgabora/Club-Football-Match-Data-2000-2025)
2024,2025-03-03,Buyuksehyr,Sivasspor,1.0,0.0,football-data.co.uk (ayna: xgabora/Club-Football-Match-Data-2000-2025)
2024,2025-03-07,Bodrumspor,Kasimpasa,1.0,0.0,football-data.co.uk (ayna: xgabora/Club-Football-Match-Data-2000-2025)
2024,2025-03-08,Kayserispor,Buyuksehyr,3.0,1.0,football-data.co.uk (ayna: xgabora/Club-Football-Match-Data-2000-2025)
2024,2025-03-08,Antalyaspor,Rizespor,2.0,1.0,football-data.co.uk (ayna: xgabora/Club-Football-Match-Data-2000-2025)
2024,2025-03-08,Trabzonspor,Hatayspor,1.0,2.0,football-data.co.uk (ayna: xgabora/Club-Football-Match-Data-2000-2025)
2024,2025-03-09,Sivasspor,Goztep,3.0,1.0,football-data.co.uk (ayna: xgabora/Club-Football-Match-Data-2000-2025)
2024,2025-03-09,Samsunspor,Ad. Demirspor,3.0,2.0,football-data.co.uk (ayna: xgabora/Club-Football-Match-Data-2000-2025)
2024,2025-03-09,Eyupspor,Konyaspor,2.0,1.0,football-data.co.uk (ayna: xgabora/Club-Football-Match-Data-2000-2025)
2024,2025-03-09,Alanyaspor,Galatasaray,1.0,2.0,football-data.co.uk (ayna: xgabora/Club-Football-Match-Data-2000-2025)
2024,2025-03-10,Besiktas,Gaziantep,1.0,2.0,football-data.co.uk (ayna: xgabora/Club-Football-Match-Data-2000-2025)
2024,2025-03-14,Galatasaray,Antalyaspor,4.0,0.0,football-data.co.uk (ayna: xgabora/Club-Football-Match-Data-2000-2025)
2024,2025-03-15,Gaziantep,Kayserispor,1.0,0.0,football-data.co.uk (ayna: xgabora/Club-Football-Match-Data-2000-2025)
2024,2025-03-15,Kasimpasa,Alanyaspor,2.0,1.0,football-data.co.uk (ayna: xgabora/Club-Football-Match-Data-2000-2025)
2024,2025-03-15,Konyaspor,Besiktas,1.0,0.0,football-data.co.uk (ayna: xgabora/Club-Football-Match-Data-2000-2025)
2024,2025-03-15,Buyuksehyr,Trabzonspor,0.0,3.0,football-data.co.uk (ayna: xgabora/Club-Football-Match-Data-2000-2025)
2024,2025-03-16,Rizespor,Bodrumspor,0.0,2.0,football-data.co.uk (ayna: xgabora/Club-Football-Match-Data-2000-2025)
2024,2025-03-16,Goztep,Eyupspor,1.0,1.0,football-data.co.uk (ayna: xgabora/Club-Football-Match-Data-2000-2025)
2024,2025-03-16,Hatayspor,Sivasspor,3.0,2.0,football-data.co.uk (ayna: xgabora/Club-Football-Match-Data-2000-2025)
2024,2025-03-16,Fenerbahce,Samsunspor,0.0,0.0,football-data.co.uk (ayna: xgabora/Club-Football-Match-Data-2000-2025)
2024,2025-03-28,Antalyaspor,Alanyaspor,2.0,1.0,football-data.co.uk (ayna: xgabora/Club-Football-Match-Data-2000-2025)
2024,2025-03-28,Kayserispor,Hatayspor,5.0,0.0,football-data.co.uk (ayna: xgabora/Club-Football-Match-Data-2000-2025)
2024,2025-03-28,Bodrumspor,Fenerbahce,2.0,4.0,football-data.co.uk (ayna: xgabora/Club-Football-Match-Data-2000-2025)
2024,2025-03-28,Konyaspor,Gaziantep,1.0,0.0,football-data.co.uk (ayna: xgabora/Club-Football-Match-Data-2000-2025)
2024,2025-03-29,Sivasspor,Ad. Demirspor,5.0,1.0,football-data.co.uk (ayna: xgabora/Club-Football-Match-Data-2000-2025)
2024,2025-03-29,Samsunspor,Kasimpasa,0.0,2.0,football-data.co.uk (ayna: xgabora/Club-Football-Match-Data-2000-2025)
2024,2025-03-29,Trabzonspor,Goztep,1.0,1.0,football-data.co.uk (ayna: xgabora/Club-Football-Match-Data-2000-2025)
2024,2025-03-29,Besiktas,Galatasaray,2.0,1.0,football-data.co.uk (ayna: xgabora/Club-Football-Match-Data-2000-2025)
2024,2025-03-31,Eyupspor,Buyuksehyr,1.0,3.0,football-data.co.uk (ayna: xgabora/Club-Football-Match-Data-2000-2025)
2024,2025-04-04,Ad. Demirspor,Kayserispor,0.0,2.0,football-data.co.uk (ayna: xgabora/Club-Football-Match-Data-2000-2025)
2024,2025-04-05,Rizespor,Sivasspor,1.0,1.0,football-data.co.uk (ayna: xgabora/Club-Football-Match-Data-2000-2025)
2024,2025-04-05,Buyuksehyr,Konyaspor,1.0,0.0,football-data.co.uk (ayna: xgabora/Club-Football-Match-Data-2000-2025)
2024,2025-04-05,Antalyaspor,Samsunspor,2.0,1.0,football-data.co.uk (ayna: xgabora/Club-Football-Match-Data-2000-2025)
2024,2025-04-06,Alanyaspor,Bodrumspor,0.0,1.0,football-data.co.uk (ayna: xgabora/Club-Football-Match-Data-2000-2025)
2024,2025-04-06,Hatayspor,Eyupspor,0.0,1.0,football-data.co.uk (ayna: xgabora/Club-Football-Match-Data-2000-2025)
2024,2025-04-06,Fenerbahce,Trabzonspor,4.0,1.0,football-data.co.uk (ayna: xgabora/Club-Football-Match-Data-2000-2025)
2024,2025-04-07,Kasimpasa,Besiktas,1.0,1.0,football-data.co.uk (ayna: xgabora/Club-Football-Match-Data-2000-2025)
2024,2025-04-07,Goztep,Gaziantep,1.0,1.0,football-data.co.uk (ayna: xgabora/Club-Football-Match-Data-2000-2025)
2024,2025-04-11,Samsunspor,Galatasaray,0.0,2.0,football-data.co.uk (ayna: xgabora/Club-Football-Match-Data-2000-2025)
2024,2025-04-12,Konyaspor,Goztep,1.0,0.0,football-data.co.uk (ayna: xgabora/Club-Football-Match-Data-2000-2025)
2024,2025-04-12,Besiktas,Buyuksehyr,0.0,2.0,football-data.co.uk (ayna: xgabora/Club-Football-Match-Data-2000-2025)
2024,2025-04-12,Bodrumspor,Antalyaspor,0.0,0.0,football-data.co.uk (ayna: xgabora/Club-Football-Match-Data-2000-2025)
2024,2025-04-13,Gaziantep,Hatayspor,2.0,1.0,football-data.co.uk (ayna: xgabora/Club-Football-Match-Data-2000-2025)
2024,2025-04-13,Kayserispor,Kasimpasa,1.0,0.0,football-data.co.uk (ayna: xgabora/Club-Football-Match-Data-2000-2025)
2024,2025-04-13,Trabzonspor,Rizespor,2.0,0.0,football-data.co.uk (ayna: xgabora/Club-Football-Match-Data-2000-2025)
2024,2025-04-13,Sivasspor,Fenerbahce,1.0,3.0,football-data.co.uk (ayna: xgabora/Club-Football-Match-Data-2000-2025)
2024,2025-04-14,Eyupspor,Ad. Demirspor,6.0,0.0,football-data.co.uk (ayna: xgabora/Club-Football-Match-Data-2000-2025)
2024,2025-04-18,Galatasaray,Bodrumspor,2.0,0.0,football-data.co.uk (ayna: xgabora/Club-Football-Match-Data-2000-2025)
2024,2025-04-18,Hatayspor,Konyaspor,2.0,3.0,football-data.co.uk (ayna: xgabora/Club-Football-Match-Data-2000-2025)
2024,2025-04-19,Kasimpasa,Sivasspor,3.0,1.0,football-data.co.uk (ayna: xgabora/Club-Football-Match-Data-2000-2025)
2024,2025-04-19,Ad. Demirspor,Trabzonspor,0.0,1.0,football-data.co.uk (ayna: xgabora/Club-Football-Match-Data-2000-2025)
2024,2025-04-19,Goztep,Besiktas,1.0,1.0,football-data.co.uk (ayna: xgabora/Club-Football-Match-Data-2000-2025)
2024,2025-04-20,Buyuksehyr,Gaziantep,2.0,1.0,football-data.co.uk (ayna: xgabora/Club-Football-Match-Data-2000-2025)
2024,2025-04-20,Rizespor,Eyupspor,1.0,0.0,football-data.co.uk (ayna: xgabora/Club-Football-Match-Data-2000-2025)
2024,2025-04-20,Fenerbahce,Kayserispor,3.0,3.0,football-data.co.uk (ayna: xgabora/Club-Football-Match-Data-2000-2025)
2024,2025-04-21,Alanyaspor,Samsunspor,1.0,0.0,football-data.co.uk (ayna: xgabora/Club-Football-Match-Data-2000-2025)
2024,2025-04-25,Besiktas,Hatayspor,5.0,1.0,football-data.co.uk (ayna: xgabora/Club-Football-Match-Data-2000-2025)
2024,2025-04-26,Sivasspor,Antalyaspor,2.0,0.0,football-data.co.uk (ayna: xgabora/Club-Football-Match-Data-2000-2025)
2024,2025-04-26,Gaziantep,Fenerbahce,1.0,3.0,football-data.co.uk (ayna: xgabora/Club-Football-Match-Data-2000-2025)
2024,2025-04-26,Bodrumspor,Samsunspor,1.0,2.0,football-data.co.uk (ayna: xgabora/Club-Football-Match-Data-2000-2025)
2024,2025-04-27,Konyaspor,Ad. Demirspor,3.0,1.0,football-data.co.uk (ayna: xgabora/Club-Football-Match-Data-2000-2025)
2024,2025-04-27,Trabzonspor,Alanyaspor,4.0,3.0,football-data.co.uk (ayna: xgabora/Club-Football-Match-Data-2000-2025)
2024,2025-04-27,Eyupspor,Galatasaray,1.0,5.0,football-data.co.uk (ayna: xgabora/Club-Football-Match-Data-2000-2025)
2024,2025-04-27,Kayserispor,Rizespor,1.0,0.0,football-data.co.uk (ayna: xgabora/Club-Football-Match-Data-2000-2025)
2024,2025-04-28,Goztep,Buyuksehyr,4.0,1.0,football-data.co.uk (ayna: xgabora/Club-Football-Match-Data-2000-2025)
2024,2025-05-02,Antalyaspor,Konyaspor,1.0,0.0,football-data.co.uk (ayna: xgabora/Club-Football-Match-Data-2000-2025)
2024,2025-05-03,Alanyaspor,Kayserispor,1.0,1.0,football-data.co.uk (ayna: xgabora/Club-Football-Match-Data-2000-2025)
2024,2025-05-03,Rizespor,Gaziantep,2.0,0.0,football-data.co.uk (ayna: xgabora/Club-Football-Match-Data-2000-2025)
2024,2025-05-03,Galatasaray,Sivasspor,4.0,1.0,football-data.co.uk (ayna: xgabora/Club-Football-Match-Data-2000-2025)
2024,2025-05-03,Hatayspor,Buyuksehyr,2.0,4.0,football-data.co.uk (ayna: xgabora/Club-Football-Match-Data-2000-2025)
2024,2025-05-04,Samsunspor,Eyupspor,3.0,0.0,football-data.co.uk (ayna: xgabora/Club-Football-Match-Data-2000-2025)
2024,2025-05-04,Ad. Demirspor,Goztep,1.0,2.0,football-data.co.uk (ayna: xgabora/Club-Football-Match-Data-2000-2025)
2024,2025-05-04,Fenerbahce,Besiktas,0.0,1.0,football-data.co.uk (ayna: xgabora/Club-Football-Match-Data-2000-2025)
2024,2025-05-05,Kasimpasa,Trabzonspor,1.0,1.0,football-data.co.uk (ayna: xgabora/Club-Football-Match-Data-2000-2025)
2024,2025-05-09,Buyuksehyr,Fenerbahce,1.0,4.0,football-data.co.uk (ayna: xgabora/Club-Football-Match-Data-2000-2025)
2024,2025-05-09,Gaziantep,Alanyaspor,0.0,1.0,football-data.co.uk (ayna: xgabora/Club-Football-Match-Data-2000-2025)
2024,2025-05-10,Eyupspor,Kasimpasa,0.0,3.0,football-data.co.uk (ayna: xgabora/Club-Football-Match-Data-2000-2025)
2024,2025-05-10,Konyaspor,Rizespor,2.0,1.0,football-data.co.uk (ayna: xgabora/Club-Football-Match-Data-2000-2025)
2024,2025-05-10,Trabzonspor,Galatasaray,0.0,2.0,football-data.co.uk (ayna: xgabora/Club-Football-Match-Data-2000-2025)
2024,2025-05-11,Sivasspor,Bodrumspor,0.0,0.0,football-data.co.uk (ayna: xgabora/Club-Football-Match-Data-2000-2025)
2024,2025-05-11,Goztep,Hatayspor,1.0,1.0,football-data.co.uk (ayna: xgabora/Club-Football-Match-Data-2000-2025)
2024,2025-05-11,Besiktas,Ad. Demirspor,4.0,1.0,football-data.co.uk (ayna: xgabora/Club-Football-Match-Data-2000-2025)
2024,2025-05-12,Kayserispor,Antalyaspor,3.0,1.0,football-data.co.uk (ayna: xgabora/Club-Football-Match-Data-2000-2025)
2024,2025-05-17,Ad. Demirspor,Hatayspor,0.0,5.0,football-data.co.uk (ayna: xgabora/Club-Football-Match-Data-2000-2025)
2024,2025-05-18,Samsunspor,Sivasspor,1.0,0.0,football-data.co.uk (ayna: xgabora/Club-Football-Match-Data-2000-2025)
2024,2025-05-18,Galatasaray,Kayserispor,3.0,0.0,football-data.co.uk (ayna: xgabora/Club-Football-Match-Data-2000-2025)
2024,2025-05-18,Antalyaspor,Gaziantep,0.0,0.0,football-data.co.uk (ayna: xgabora/Club-Football-Match-Data-2000-2025)
2024,2025-05-18,Fenerbahce,Eyupspor,2.0,1.0,football-data.co.uk (ayna: xgabora/Club-Football-Match-Data-2000-2025)
2024,2025-05-18,Bodrumspor,Trabzonspor,1.0,1.0,football-data.co.uk (ayna: xgabora/Club-Football-Match-Data-2000-2025)
2024,2025-05-18,Alanyaspor,Besiktas,1.0,1.0,football-data.co.uk (ayna: xgabora/Club-Football-Match-Data-2000-2025)
2024,2025-05-18,Kasimpasa,Buyuksehyr,2.0,3.0,football-data.co.uk (ayna: xgabora/Club-Football-Match-Data-2000-2025)
2024,2025-05-18,Rizespor,Goztep,6.0,3.0,football-data.co.uk (ayna: xgabora/Club-Football-Match-Data-2000-2025)
2024,2025-05-24,Eyupspor,Antalyaspor,2.0,1.0,football-data.co.uk (ayna: xgabora/Club-Football-Match-Data-2000-2025)
2024,2025-05-24,Gaziantep,Kasimpasa,2.0,2.0,football-data.co.uk (ayna: xgabora/Club-Football-Match-Data-2000-2025)
2024,2025-05-24,Goztep,Galatasaray,0.0,2.0,football-data.co.uk (ayna: xgabora/Club-Football-Match-Data-2000-2025)
2024,2025-05-25,Trabzonspor,Samsunspor,2.0,2.0,football-data.co.uk (ayna: xgabora/Club-Football-Match-Data-2000-2025)
2024,2025-05-25,Konyaspor,Alanyaspor,1.0,2.0,football-data.co.uk (ayna: xgabora/Club-Football-Match-Data-2000-2025)
2024,2025-05-25,Kayserispor,Bodrumspor,1.0,1.0,football-data.co.uk (ayna: xgabora/Club-Football-Match-Data-2000-2025)
2024,2025-05-25,Buyuksehyr,Ad. Demirspor,2.0,3.0,football-data.co.uk (ayna: xgabora/Club-Football-Match-Data-2000-2025)
2024,2025-05-25,Besiktas,Rizespor,1.0,2.0,football-data.co.uk (ayna: xgabora/Club-Football-Match-Data-2000-2025)
2024,2025-05-26,Hatayspor,Fenerbahce,4.0,2.0,football-data.co.uk (ayna: xgabora/Club-Football-Match-Data-2000-2025)
2024,2025-05-30,Galatasaray,Buyuksehyr,2.0,0.0,football-data.co.uk (ayna: xgabora/Club-Football-Match-Data-2000-2025)
2024,2025-05-30,Kasimpasa,Goztep,1.0,2.0,football-data.co.uk (ayna: xgabora/Club-Football-Match-Data-2000-2025)
2024,2025-05-30,Antalyaspor,Trabzonspor,0.0,2.0,football-data.co.uk (ayna: xgabora/Club-Football-Match-Data-2000-2025)
2024,2025-05-31,Rizespor,Hatayspor,5.0,2.0,football-data.co.uk (ayna: xgabora/Club-Football-Match-Data-2000-2025)
2024,2025-05-31,Fenerbahce,Konyaspor,2.0,1.0,football-data.co.uk (ayna: xgabora/Club-Football-Match-Data-2000-2025)
2024,2025-05-31,Alanyaspor,Sivasspor,2.0,0.0,football-data.co.uk (ayna: xgabora/Club-Football-Match-Data-2000-2025)
2024,2025-05-31,Ad. Demirspor,Gaziantep,2.0,2.0,football-data.co.uk (ayna: xgabora/Club-Football-Match-Data-2000-2025)
2024,2025-06-01,Bodrumspor,Besiktas,0.0,4.0,football-data.co.uk (ayna: xgabora/Club-Football-Match-Data-2000-2025)
2024,2025-06-01,Samsunspor,Kayserispor,2.0,1.0,football-data.co.uk (ayna: xgabora/Club-Football-Match-Data-2000-2025)
