takim,sezon,seyirci,gozlenen_seyirci,tahmini_seyirci,yontem,kapasite,doluluk_orani,dayanak_sezonlar,not
Adana Demirspor,2021-22,11267,,11267,tahmin: takım doluluk oranı × kapasite,33543,0.336,"2022-23, 2024-25",
Adana Demirspor,2022-23,16929,16929,,gözlenen,33543,0.505,,
Adana Demirspor,2023-24,11267,,11267,tahmin: takım doluluk oranı × kapasite,33543,0.336,"2022-23, 2024-25",
Adana Demirspor,2024-25,5173,5173,,gözlenen,30960,0.167,,
Adanaspor,2016-17,4594,4594,,gözlenen,36117,0.127,,
Akhisarspor,2016-17,2501,2501,,gözlenen,16597,0.151,,
Akhisarspor,2017-18,5095,,5095,tahmin: takım doluluk oranı × kapasite,16597,0.307,"2016-17, 2018-19",
Akhisarspor,2018-19,5624,5624,,gözlenen,12139,0.463,,
Alanyaspor,2016-17,4541,4541,,gözlenen,10842,0.419,,
Alanyaspor,2017-18,4167,,4167,tahmin: takım doluluk oranı × kapasite,10128,0.411,"2016-17, 2018-19, 2022-23, 2024-25",
Alanyaspor,2018-19,4774,4774,,gözlenen,10130,0.471,,
Alanyaspor,2019-20,4168,,4168,tahmin: takım doluluk oranı × kapasite,10130,0.411,"2016-17, 2018-19, 2022-23, 2024-25",Mart 2020 sonrası maçlar seyircisizdi; tahmin seyircili maçların ortalamasını temsil eder.
Alanyaspor,2020-21,,,,yok,10128,,,COVID-19 nedeniyle seyircisiz; tahmin yapılmadı.
Alanyaspor,2021-22,4168,,4168,tahmin: takım doluluk oranı × kapasite,10130,0.411,"2016-17, 2018-19, 2022-23, 2024-25",
Alanyaspor,2022-23,3668,3668,,gözlenen,10130,0.362,,
Alanyaspor,2023-24,4168,,4168,tahmin: takım doluluk oranı × kapasite,10130,0.411,"2016-17, 2018-19, 2022-23, 2024-25",
Alanyaspor,2024-25,3852,3852,,gözlenen,9789,0.394,,
Alanyaspor,2025-26,4027,,4027,tahmin: takım doluluk oranı × kapasite,9789,0.411,"2016-17, 2018-19, 2022-23, 2024-25",
Altay,2021-22,4595,,4595,tahmin: lig medyan doluluk oranı × kapasite,14000,0.328,lig geneli (takımın gözlenen sezonu yok),
Ankaragücü,2018-19,12365,12365,,gözlenen,20071,0.616,,
Ankaragücü,2019-20,11632,,11632,tahmin: takım doluluk oranı × kapasite,20071,0.58,"2018-19, 2022-23",Mart 2020 sonrası maçlar seyircisizdi; tahmin seyircili maçların ortalamasını temsil eder.
Ankaragücü,2020-21,,,,yok,20560,,,COVID-19 nedeniyle seyircisiz; tahmin yapılmadı.
Ankaragücü,2022-23,11164,11164,,gözlenen,20560,0.543,,
Ankaragücü,2023-24,11915,,11915,tahmin: takım doluluk oranı × kapasite,20560,0.58,"2018-19, 2022-23",
Antalyaspor,2016-17,12645,12645,,gözlenen,33032,0.383,,
Antalyaspor,2017-18,10493,,10493,tahmin: takım doluluk oranı × kapasite,32537,0.323,"2016-17, 2018-19, 2022-23, 2024-25",
Antalyaspor,2018-19,10226,10226,,gözlenen,32537,0.314,,
Antalyaspor,2019-20,10493,,10493,tahmin: takım doluluk oranı × kapasite,32537,0.323,"2016-17, 2018-19, 2022-23, 2024-25",Mart 2020 sonrası maçlar seyircisizdi; tahmin seyircili maçların ortalamasını temsil eder.
Antalyaspor,2020-21,,,,yok,32537,,,COVID-19 nedeniyle seyircisiz; tahmin yapılmadı.
Antalyaspor,2021-22,10493,,10493,tahmin: takım doluluk oranı × kapasite,32537,0.323,"2016-17, 2018-19, 2022-23, 2024-25",
Antalyaspor,2022-23,10414,10414,,gözlenen,32537,0.32,,
Antalyaspor,2023-24,10493,,10493,tahmin: takım doluluk oranı × kapasite,32537,0.323,"2016-17, 2018-19, 2022-23, 2024-25",
Antalyaspor,2024-25,7996,7996,,gözlenen,29307,0.273,,
Antalyaspor,2025-26,9452,,9452,tahmin: takım doluluk oranı × kapasite,29307,0.323,"2016-17, 2018-19, 2022-23, 2024-25",
Beşiktaş,2016-17,30448,30448,,gözlenen,43500,0.7,,
Beşiktaş,2017-18,30297,,30297,tahmin: takım doluluk oranı × kapasite,42684,0.71,"2016-17, 2018-19, 2022-23, 2024-25",
Beşiktaş,2018-19,28863,28863,,gözlenen,41188,0.701,,
Beşiktaş,2019-20,29235,,29235,tahmin: takım doluluk oranı × kapasite,41188,0.71,"2016-17, 2018-19, 2022-23, 2024-25",Mart 2020 sonrası maçlar seyircisizdi; tahmin seyircili maçların ortalamasını temsil eder.
Beşiktaş,2020-21,,,,yok,42684,,,COVID-19 nedeniyle seyircisiz; tahmin yapılmadı.
Beşiktaş,2021-22,30230,,30230,tahmin: takım doluluk oranı × kapasite,42590,0.71,"2016-17, 2018-19, 2022-23, 2024-25",
Beşiktaş,2022-23,32775,32775,,gözlenen,42590,0.77,,
Beşiktaş,2023-24,30230,,30230,tahmin: takım doluluk oranı × kapasite,42590,0.71,"2016-17, 2018-19, 2022-23, 2024-25",
Beşiktaş,2024-25,28393,28393,,gözlenen,42445,0.669,,
Beşiktaş,2025-26,30127,,30127,tahmin: takım doluluk oranı × kapasite,42445,0.71,"2016-17, 2018-19, 2022-23, 2024-25",
Bodrum FK,2024-25,2588,2588,,gözlenen,3925,0.659,,
Bursaspor,2016-17,16106,16106,,gözlenen,43877,0.367,,
Bursaspor,2017-18,18654,,18654,tahmin: takım doluluk oranı × kapasite,43877,0.425,"2016-17, 2018-19",
Bursaspor,2018-19,20952,20952,,gözlenen,43361,0.483,,
Denizlispor,2019-20,6152,,6152,tahmin: lig medyan doluluk oranı × kapasite,18745,0.328,lig geneli (takımın gözlenen sezonu yok),Mart 2020 sonrası maçlar seyircisizdi; tahmin seyircili maçların ortalamasını temsil eder.
Denizlispor,2020-21,,,,yok,18745,,,COVID-19 nedeniyle seyircisiz; tahmin yapılmadı.
Erzurumspor,2018-19,11161,11161,,gözlenen,23277,0.479,,
Erzurumspor,2020-21,,,,yok,21374,,,COVID-19 nedeniyle seyircisiz; tahmin yapılmadı.
Eyüpspor,2024-25,2648,2648,,gözlenen,13797,0.192,,
Eyüpspor,2025-26,2648,,2648,tahmin: takım doluluk oranı × kapasite,13797,0.192,2024-25,
Fatih Karagümrük,2020-21,,,,yok,6500,,,COVID-19 nedeniyle seyircisiz; tahmin yapılmadı.
Fatih Karagümrük,2021-22,1353,,1353,tahmin: takım doluluk oranı × kapasite,76761,0.018,2022-23,
Fatih Karagümrük,2022-23,1353,1353,,gözlenen,76761,0.018,,
Fatih Karagümrük,2023-24,212,,212,tahmin: takım doluluk oranı × kapasite,12000,0.018,2022-23,Stadyum kapasitesi dayanak sezonlardan çok farklı (76761-76761 → 12000); tahmin güvenilmez.
Fatih Karagümrük,2025-26,1367,,1367,tahmin: takım doluluk oranı × kapasite,77563,0.018,2022-23,
Fenerbahçe,2016-17,16485,16485,,gözlenen,50509,0.326,,
Fenerbahçe,2017-18,32437,,32437,tahmin: takım doluluk oranı × kapasite,50530,0.642,"2016-17, 2018-19, 2022-23, 2024-25",
Fenerbahçe,2018-19,35035,35035,,gözlenen,47834,0.732,,
Fenerbahçe,2019-20,30706,,30706,tahmin: takım doluluk oranı × kapasite,47834,0.642,"2016-17, 2018-19, 2022-23, 2024-25",Mart 2020 sonrası maçlar seyircisizdi; tahmin seyircili maçların ortalamasını temsil eder.
Fenerbahçe,2020-21,,,,yok,50530,,,COVID-19 nedeniyle seyircisiz; tahmin yapılmadı.
Fenerbahçe,2021-22,30706,,30706,tahmin: takım doluluk oranı × kapasite,47834,0.642,"2016-17, 2018-19, 2022-23, 2024-25",
Fenerbahçe,2022-23,38322,38322,,gözlenen,47834,0.801,,
Fenerbahçe,2023-24,30706,,30706,tahmin: takım doluluk oranı × kapasite,47834,0.642,"2016-17, 2018-19, 2022-23, 2024-25",
Fenerbahçe,2024-25,33571,33571,,gözlenen,47430,0.708,,
Fenerbahçe,2025-26,30447,,30447,tahmin: takım doluluk oranı × kapasite,47430,0.642,"2016-17, 2018-19, 2022-23, 2024-25",
Galatasaray,2016-17,21351,21351,,gözlenen,52652,0.406,,
Galatasaray,2017-18,37239,,37239,tahmin: takım doluluk oranı × kapasite,53978,0.69,"2016-17, 2018-19, 2022-23, 2024-25",
Galatasaray,2018-19,36160,36160,,gözlenen,52223,0.692,,
Galatasaray,2019-20,36028,,36028,tahmin: takım doluluk oranı × kapasite,52223,0.69,"2016-17, 2018-19, 2022-23, 2024-25",Mart 2020 sonrası maçlar seyircisizdi; tahmin seyircili maçların ortalamasını temsil eder.
Galatasaray,2020-21,,,,yok,53978,,,COVID-19 nedeniyle seyircisiz; tahmin yapılmadı.
Galatasaray,2021-22,36068,,36068,tahmin: takım doluluk oranı × kapasite,52280,0.69,"2016-17, 2018-19, 2022-23, 2024-25",
Galatasaray,2022-23,45186,45186,,gözlenen,52280,0.864,,
Galatasaray,2023-24,36068,,36068,tahmin: takım doluluk oranı × kapasite,52280,0.69,"2016-17, 2018-19, 2022-23, 2024-25",
Galatasaray,2024-25,43039,43039,,gözlenen,53978,0.797,,
Galatasaray,2025-26,37239,,37239,tahmin: takım doluluk oranı × kapasite,53978,0.69,"2016-17, 2018-19, 2022-23, 2024-25",
Gaziantep FK,2019-20,5785,,5785,tahmin: takım doluluk oranı × kapasite,33502,0.173,"2022-23, 2024-25",Mart 2020 sonrası maçlar seyircisizdi; tahmin seyircili maçların ortalamasını temsil eder.
Gaziantep FK,2020-21,,,,yok,33502,,,COVID-19 nedeniyle seyircisiz; tahmin yapılmadı.
Gaziantep FK,2021-22,5785,,5785,tahmin: takım doluluk oranı × kapasite,33502,0.173,"2022-23, 2024-25",
Gaziantep FK,2022-23,4679,4679,,gözlenen,33502,0.14,,
Gaziantep FK,2023-24,5785,,5785,tahmin: takım doluluk oranı × kapasite,33502,0.173,"2022-23, 2024-25",
Gaziantep FK,2024-25,6237,6237,,gözlenen,30320,0.206,,
Gaziantep FK,2025-26,5236,,5236,tahmin: takım doluluk oranı × kapasite,30320,0.173,"2022-23, 2024-25",
Gaziantepspor,2016-17,4236,4236,,gözlenen,35558,0.119,,
Gençlerbirliği,2016-17,2625,2625,,gözlenen,19209,0.137,,
Gençlerbirliği,2017-18,2625,,2625,tahmin: takım doluluk oranı × kapasite,19209,0.137,2016-17,
Gençlerbirliği,2019-20,2743,,2743,tahmin: takım doluluk oranı × kapasite,20071,0.137,2016-17,Mart 2020 sonrası maçlar seyircisizdi; tahmin seyircili maçların ortalamasını temsil eder.
Gençlerbirliği,2020-21,,,,yok,20560,,,COVID-19 nedeniyle seyircisiz; tahmin yapılmadı.
Gençlerbirliği,2025-26,2733,,2733,tahmin: takım doluluk oranı × kapasite,20000,0.137,2016-17,
Giresunspor,2021-22,6331,,6331,tahmin: takım doluluk oranı × kapasite,22028,0.287,2022-23,
Giresunspor,2022-23,6331,6331,,gözlenen,22028,0.287,,
Göztepe,2017-18,8829,,8829,tahmin: takım doluluk oranı × kapasite,12500,0.706,"2018-19, 2024-25",
Göztepe,2018-19,8013,8013,,gözlenen,12500,0.641,,
Göztepe,2019-20,17684,,17684,tahmin: takım doluluk oranı × kapasite,25035,0.706,"2018-19, 2024-25",Mart 2020 sonrası maçlar seyircisizdi; tahmin seyircili maçların ortalamasını temsil eder.
Göztepe,2020-21,,,,yok,20756,,,COVID-19 nedeniyle seyircisiz; tahmin yapılmadı.
Göztepe,2021-22,17684,,17684,tahmin: takım doluluk oranı × kapasite,25035,0.706,"2018-19, 2024-25",
Göztepe,2024-25,15212,15212,,gözlenen,19713,0.772,,
Göztepe,2025-26,14661,,14661,tahmin: takım doluluk oranı × kapasite,20756,0.706,"2018-19, 2024-25",
Hatayspor,2020-21,,,,yok,25000,,,COVID-19 nedeniyle seyircisiz; tahmin yapılmadı.
Hatayspor,2021-22,5691,,5691,tahmin: takım doluluk oranı × kapasite,25000,0.228,"2022-23, 2024-25",
Hatayspor,2022-23,7147,7147,,gözlenen,25000,0.286,,
Hatayspor,2023-24,5804,,5804,tahmin: takım doluluk oranı × kapasite,25497,0.228,"2022-23, 2024-25",
Hatayspor,2024-25,4235,4235,,gözlenen,25000,0.169,,
Karabükspor,2016-17,4422,4422,,gözlenen,14200,0.311,,
Karabükspor,2017-18,4671,,4671,tahmin: takım doluluk oranı × kapasite,15000,0.311,2016-17,
Kasımpaşa,2016-17,1416,1416,,gözlenen,14234,0.099,,
Kasımpaşa,2017-18,2201,,2201,tahmin: takım doluluk oranı × kapasite,14234,0.155,"2016-17, 2018-19, 2022-23, 2024-25",
Kasımpaşa,2018-19,2877,2877,,gözlenen,14234,0.202,,
Kasımpaşa,2019-20,2201,,2201,tahmin: takım doluluk oranı × kapasite,14234,0.155,"2016-17, 2018-19, 2022-23, 2024-25",Mart 2020 sonrası maçlar seyircisizdi; tahmin seyircili maçların ortalamasını temsil eder.
Kasımpaşa,2020-21,,,,yok,14234,,,COVID-19 nedeniyle seyircisiz; tahmin yapılmadı.
Kasımpaşa,2021-22,2201,,2201,tahmin: takım doluluk oranı × kapasite,14234,0.155,"2016-17, 2018-19, 2022-23, 2024-25",
Kasımpaşa,2022-23,2269,2269,,gözlenen,14234,0.159,,
Kasımpaşa,2023-24,2201,,2201,tahmin: takım doluluk oranı × kapasite,14234,0.155,"2016-17, 2018-19, 2022-23, 2024-25",
Kasımpaşa,2024-25,2172,2172,,gözlenen,13797,0.157,,
Kasımpaşa,2025-26,2133,,2133,tahmin: takım doluluk oranı × kapasite,13797,0.155,"2016-17, 2018-19, 2022-23, 2024-25",
Kayserispor,2016-17,5524,5524,,gözlenen,32864,0.168,,
Kayserispor,2017-18,7906,,7906,tahmin: takım doluluk oranı × kapasite,32864,0.241,"2016-17, 2018-19, 2022-23, 2024-25",
Kayserispor,2018-19,8694,8694,,gözlenen,32864,0.265,,
Kayserispor,2019-20,7906,,7906,tahmin: takım doluluk oranı × kapasite,32864,0.241,"2016-17, 2018-19, 2022-23, 2024-25",Mart 2020 sonrası maçlar seyircisizdi; tahmin seyircili maçların ortalamasını temsil eder.
Kayserispor,2020-21,,,,yok,32864,,,COVID-19 nedeniyle seyircisiz; tahmin yapılmadı.
Kayserispor,2021-22,7906,,7906,tahmin: takım doluluk oranı × kapasite,32864,0.241,"2016-17, 2018-19, 2022-23, 2024-25",
Kayserispor,2022-23,7838,7838,,gözlenen,32864,0.238,,
Kayserispor,2023-24,7906,,7906,tahmin: takım doluluk oranı × kapasite,32864,0.241,"2016-17, 2018-19, 2022-23, 2024-25",
Kayserispor,2024-25,9568,9568,,gözlenen,32864,0.291,,
Kayserispor,2025-26,7904,,7904,tahmin: takım doluluk oranı × kapasite,32856,0.241,"2016-17, 2018-19, 2022-23, 2024-25",
Kocaelispor,2025-26,11430,,11430,tahmin: lig medyan doluluk oranı × kapasite,34829,0.328,lig geneli (takımın gözlenen sezonu yok),
Konyaspor,2016-17,15723,15723,,gözlenen,42276,0.372,,
Konyaspor,2017-18,13799,,13799,tahmin: takım doluluk oranı × kapasite,42000,0.329,"2016-17, 2018-19, 2022-23, 2024-25",
Konyaspor,2018-19,16446,16446,,gözlenen,42000,0.392,,
Konyaspor,2019-20,13799,,13799,tahmin: takım doluluk oranı × kapasite,42000,0.329,"2016-17, 2018-19, 2022-23, 2024-25",Mart 2020 sonrası maçlar seyircisizdi; tahmin seyircili maçların ortalamasını temsil eder.
Konyaspor,2020-21,,,,yok,42000,,,COVID-19 nedeniyle seyircisiz; tahmin yapılmadı.
Konyaspor,2021-22,13799,,13799,tahmin: takım doluluk oranı × kapasite,42000,0.329,"2016-17, 2018-19, 2022-23, 2024-25",
Konyaspor,2022-23,10307,10307,,gözlenen,42000,0.245,,
Konyaspor,2023-24,13799,,13799,tahmin: takım doluluk oranı × kapasite,42000,0.329,"2016-17, 2018-19, 2022-23, 2024-25",
Konyaspor,2024-25,12700,12700,,gözlenen,41600,0.305,,
Konyaspor,2025-26,13667,,13667,tahmin: takım doluluk oranı × kapasite,41600,0.329,"2016-17, 2018-19, 2022-23, 2024-25",
Osmanlıspor,2016-17,3792,3792,,gözlenen,19626,0.193,,
Osmanlıspor,2017-18,3792,,3792,tahmin: takım doluluk oranı × kapasite,19626,0.193,2016-17,
Pendikspor,2023-24,820,,820,tahmin: lig medyan doluluk oranı × kapasite,2500,0.328,lig geneli (takımın gözlenen sezonu yok),
Samsunspor,2023-24,16099,,16099,tahmin: takım doluluk oranı × kapasite,33919,0.475,2024-25,
Samsunspor,2024-25,16099,16099,,gözlenen,33919,0.475,,
Samsunspor,2025-26,15807,,15807,tahmin: takım doluluk oranı × kapasite,33303,0.475,2024-25,
Sivasspor,2017-18,6080,,6080,tahmin: takım doluluk oranı × kapasite,27532,0.221,"2018-19, 2022-23, 2024-25",
Sivasspor,2018-19,8111,8111,,gözlenen,27532,0.295,,
Sivasspor,2019-20,6080,,6080,tahmin: takım doluluk oranı × kapasite,27532,0.221,"2018-19, 2022-23, 2024-25",Mart 2020 sonrası maçlar seyircisizdi; tahmin seyircili maçların ortalamasını temsil eder.
Sivasspor,2020-21,,,,yok,27532,,,COVID-19 nedeniyle seyircisiz; tahmin yapılmadı.
Sivasspor,2021-22,6080,,6080,tahmin: takım doluluk oranı × kapasite,27532,0.221,"2018-19, 2022-23, 2024-25",
Sivasspor,2022-23,4215,4215,,gözlenen,27532,0.153,,
Sivasspor,2023-24,6080,,6080,tahmin: takım doluluk oranı × kapasite,27532,0.221,"2018-19, 2022-23, 2024-25",
Sivasspor,2024-25,5957,5957,,gözlenen,27734,0.215,,
Trabzonspor,2016-17,17252,17252,,gözlenen,40782,0.423,,
Trabzonspor,2017-18,20301,,20301,tahmin: takım doluluk oranı × kapasite,41000,0.495,"2016-17, 2018-19, 2022-23, 2024-25",
Trabzonspor,2018-19,24700,24700,,gözlenen,40782,0.606,,
Trabzonspor,2019-20,20193,,20193,tahmin: takım doluluk oranı × kapasite,40782,0.495,"2016-17, 2018-19, 2022-23, 2024-25",Mart 2020 sonrası maçlar seyircisizdi; tahmin seyircili maçların ortalamasını temsil eder.
Trabzonspor,2020-21,,,,yok,41000,,,COVID-19 nedeniyle seyircisiz; tahmin yapılmadı.
Trabzonspor,2021-22,20193,,20193,tahmin: takım doluluk oranı × kapasite,40782,0.495,"2016-17, 2018-19, 2022-23, 2024-25",
Trabzonspor,2022-23,21694,21694,,gözlenen,40782,0.532,,
Trabzonspor,2023-24,20193,,20193,tahmin: takım doluluk oranı × kapasite,40782,0.495,"2016-17, 2018-19, 2022-23, 2024-25",
Trabzonspor,2024-25,17210,17210,,gözlenen,40980,0.42,,
Trabzonspor,2025-26,20291,,20291,tahmin: takım doluluk oranı × kapasite,40980,0.495,"2016-17, 2018-19, 2022-23, 2024-25",
Yeni Malatyaspor,2017-18,8449,,8449,tahmin: lig medyan doluluk oranı × kapasite,25745,0.328,lig geneli (takımın gözlenen sezonu yok),
Yeni Malatyaspor,2018-19,8876,,8876,tahmin: lig medyan doluluk oranı × kapasite,27044,0.328,lig geneli (takımın gözlenen sezonu yok),
Yeni Malatyaspor,2019-20,8876,,8876,tahmin: lig medyan doluluk oranı × kapasite,27044,0.328,lig geneli (takımın gözlenen sezonu yok),Mart 2020 sonrası maçlar seyircisizdi; tahmin seyircili maçların ortalamasını temsil eder.
Yeni Malatyaspor,2020-21,,,,yok,25745,,,COVID-19 nedeniyle seyircisiz; tahmin yapılmadı.
Yeni Malatyaspor,2021-22,8876,,8876,tahmin: lig medyan doluluk oranı × kapasite,27044,0.328,lig geneli (takımın gözlenen sezonu yok),
Çaykur Rizespor,2016-17,3369,3369,,gözlenen,15558,0.217,,
Çaykur Rizespor,2018-19,8050,8050,,gözlenen,15332,0.525,,
Çaykur Rizespor,2019-20,5811,,5811,tahmin: takım doluluk oranı × kapasite,15332,0.379,"2016-17, 2018-19, 2024-25",Mart 2020 sonrası maçlar seyircisizdi; tahmin seyircili maçların ortalamasını temsil eder.
Çaykur Rizespor,2020-21,,,,yok,15558,,,COVID-19 nedeniyle seyircisiz; tahmin yapılmadı.
Çaykur Rizespor,2021-22,5811,,5811,tahmin: takım doluluk oranı × kapasite,15332,0.379,"2016-17, 2018-19, 2024-25",
Çaykur Rizespor,2023-24,5811,,5811,tahmin: takım doluluk oranı × kapasite,15332,0.379,"2016-17, 2018-19, 2024-25",
Çaykur Rizespor,2024-25,5871,5871,,gözlenen,14850,0.395,,
Çaykur Rizespor,2025-26,5628,,5628,tahmin: takım doluluk oranı × kapasite,14850,0.379,"2016-17, 2018-19, 2024-25",
Ümraniyespor,2022-23,1153,,1153,tahmin: lig medyan doluluk oranı × kapasite,3513,0.328,lig geneli (takımın gözlenen sezonu yok),
İstanbul Başakşehir,2016-17,3208,3208,,gözlenen,17801,0.18,,
İstanbul Başakşehir,2017-18,2984,,2984,tahmin: takım doluluk oranı × kapasite,17156,0.174,"2016-17, 2018-19, 2022-23, 2024-25",
İstanbul Başakşehir,2018-19,3860,3860,,gözlenen,17300,0.223,,
İstanbul Başakşehir,2019-20,3009,,3009,tahmin: takım doluluk oranı × kapasite,17300,0.174,"2016-17, 2018-19, 2022-23, 2024-25",Mart 2020 sonrası maçlar seyircisizdi; tahmin seyircili maçların ortalamasını temsil eder.
İstanbul Başakşehir,2020-21,,,,yok,17156,,,COVID-19 nedeniyle seyircisiz; tahmin yapılmadı.
İstanbul Başakşehir,2021-22,2984,,2984,tahmin: takım doluluk oranı × kapasite,17156,0.174,"2016-17, 2018-19, 2022-23, 2024-25",
İstanbul Başakşehir,2022-23,2584,2584,,gözlenen,17156,0.151,,
İstanbul Başakşehir,2023-24,2984,,2984,tahmin: takım doluluk oranı × kapasite,17156,0.174,"2016-17, 2018-19, 2022-23, 2024-25",
İstanbul Başakşehir,2024-25,2433,2433,,gözlenen,17156,0.142,,
İstanbul Başakşehir,2025-26,2969,,2969,tahmin: takım doluluk oranı × kapasite,17067,0.174,"2016-17, 2018-19, 2022-23, 2024-25",
İstanbulspor,2022-23,2475,2475,,gözlenen,7500,0.33,,
İstanbulspor,2023-24,2475,,2475,tahmin: takım doluluk oranı × kapasite,7500,0.33,2022-23,
