takim,sezon,ort_seyirci,kapasite,kaynak,ligde
Adana Demirspor,2016-17,,,,False
Adana Demirspor,2017-18,,,,False
Adana Demirspor,2018-19,,,,False
Adana Demirspor,2019-20,,,,False
Adana Demirspor,2020-21,,,,False
Adana Demirspor,2021-22,,,,True
Adana Demirspor,2022-23,,,,True
Adana Demirspor,2023-24,,,,True
Adana Demirspor,2024-25,,,,True
Adana Demirspor,2025-26,,,,False
Adanaspor,2016-17,,,,True
Adanaspor,2017-18,,,,False
Adanaspor,2018-19,,,,False
Adanaspor,2019-20,,,,False
Adanaspor,2020-21,,,,False
Adanaspor,2021-22,,,,False
Adanaspor,2022-23,,,,False
Adanaspor,2023-24,,,,False
Adanaspor,2024-25,,,,False
Adanaspor,2025-26,,,,False
Akhisarspor,2016-17,,,,True
Akhisarspor,2017-18,,,,True
Akhisarspor,2018-19,,,,True
Akhisarspor,2019-20,,,,False
Akhisarspor,2020-21,,,,False
Akhisarspor,2021-22,,,,False
Akhisarspor,2022-23,,,,False
Akhisarspor,2023-24,,,,False
Akhisarspor,2024-25,,,,False
Akhisarspor,2025-26,,,,False
Alanyaspor,2016-17,,,,True
Alanyaspor,2017-18,,,,True
Alanyaspor,2018-19,,,,True
Alanyaspor,2019-20,,,,True
Alanyaspor,2020-21,,,,True
Alanyaspor,2021-22,,,,True
Alanyaspor,2022-23,,,,True
Alanyaspor,2023-24,,,,True
Alanyaspor,2024-25,,,,True
Alanyaspor,2025-26,,,,True
Altay,2016-17,,,,False
Altay,2017-18,,,,False
Altay,2018-19,,,,False
Altay,2019-20,,,,False
Altay,2020-21,,,,False
Altay,2021-22,,,,True
Altay,2022-23,,,,False
Altay,2023-24,,,,False
Altay,2024-25,,,,False
Altay,2025-26,,,,False
Ankaragücü,2016-17,,,,False
Ankaragücü,2017-18,,,,False
Ankaragücü,2018-19,,,,True
Ankaragücü,2019-20,,,,True
Ankaragücü,2020-21,,,,True
Ankaragücü,2021-22,,,,False
Ankaragücü,2022-23,,,,True
Ankaragücü,2023-24,,,,True
Ankaragücü,2024-25,,,,False
Ankaragücü,2025-26,,,,False
Antalyaspor,2016-17,,,,True
Antalyaspor,2017-18,,,,True
Antalyaspor,2018-19,,,,True
Antalyaspor,2019-20,,,,True
Antalyaspor,2020-21,,,,True
Antalyaspor,2021-22,,,,True
Antalyaspor,2022-23,,,,True
Antalyaspor,2023-24,,,,True
Antalyaspor,2024-25,,,,True
Antalyaspor,2025-26,,,,True
Beşiktaş,2016-17,,,,True
Beşiktaş,2017-18,,,,True
Beşiktaş,2018-19,,,,True
Beşiktaş,2019-20,,,,True
Beşiktaş,2020-21,,,,True
Beşiktaş,2021-22,,,,True
Beşiktaş,2022-23,,,,True
Beşiktaş,2023-24,,,,True
Beşiktaş,2024-25,,,,True
Beşiktaş,2025-26,,,,True
Bodrum FK,2016-17,,,,False
Bodrum FK,2017-18,,,,False
Bodrum FK,2018-19,,,,False
Bodrum FK,2019-20,,,,False
Bodrum FK,2020-21,,,,False
Bodrum FK,2021-22,,,,False
Bodrum FK,2022-23,,,,False
Bodrum FK,2023-24,,,,False
Bodrum FK,2024-25,,,,True
Bodrum FK,2025-26,,,,False
Bursaspor,2016-17,,,,True
Bursaspor,2017-18,,,,True
Bursaspor,2018-19,,,,True
Bursaspor,2019-20,,,,False
Bursaspor,2020-21,,,,False
Bursaspor,2021-22,,,,False
Bursaspor,2022-23,,,,False
Bursaspor,2023-24,,,,False
Bursaspor,2024-25,,,,False
Bursaspor,2025-26,,,,False
Denizlispor,2016-17,,,,False
Denizlispor,2017-18,,,,False
Denizlispor,2018-19,,,,False
Denizlispor,2019-20,,,,True
Denizlispor,2020-21,,,,True
Denizlispor,2021-22,,,,False
Denizlispor,2022-23,,,,False
Denizlispor,2023-24,,,,False
Denizlispor,2024-25,,,,False
Denizlispor,2025-26,,,,False
Erzurumspor,2016-17,,,,False
Erzurumspor,2017-18,,,,False
Erzurumspor,2018-19,,,,True
Erzurumspor,2019-20,,,,False
Erzurumspor,2020-21,,,,True
Erzurumspor,2021-22,,,,False
Erzurumspor,2022-23,,,,False
Erzurumspor,2023-24,,,,False
Erzurumspor,2024-25,,,,False
Erzurumspor,2025-26,,,,False
Eyüpspor,2016-17,,,,False
Eyüpspor,2017-18,,,,False
Eyüpspor,2018-19,,,,False
Eyüpspor,2019-20,,,,False
Eyüpspor,2020-21,,,,False
Eyüpspor,2021-22,,,,False
Eyüpspor,2022-23,,,,False
Eyüpspor,2023-24,,,,False
Eyüpspor,2024-25,,,,True
Eyüpspor,2025-26,,,,True
Fatih Karagümrük,2016-17,,,,False
Fatih Karagümrük,2017-18,,,,False
Fatih Karagümrük,2018-19,,,,False
Fatih Karagümrük,2019-20,,,,False
Fatih Karagümrük,2020-21,,,,True
Fatih Karagümrük,2021-22,,,,True
Fatih Karagümrük,2022-23,,,,True
Fatih Karagümrük,2023-24,,,,True
Fatih Karagümrük,2024-25,,,,False
Fatih Karagümrük,2025-26,,,,True
Fenerbahçe,2016-17,,,,True
Fenerbahçe,2017-18,,,,True
Fenerbahçe,2018-19,,,,True
Fenerbahçe,2019-20,,,,True
Fenerbahçe,2020-21,,,,True
Fenerbahçe,2021-22,,,,True
Fenerbahçe,2022-23,,,,True
Fenerbahçe,2023-24,,,,True
Fenerbahçe,2024-25,,,,True
Fenerbahçe,2025-26,,,,True
Galatasaray,2016-17,,,,True
Galatasaray,2017-18,,,,True
Galatasaray,2018-19,,,,True
Galatasaray,2019-20,,,,True
Galatasaray,2020-21,,,,True
Galatasaray,2021-22,,,,True
Galatasaray,2022-23,,,,True
Galatasaray,2023-24,,,,True
Galatasaray,2024-25,,,,True
Galatasaray,2025-26,,,,True
Gaziantep FK,2016-17,,,,False
Gaziantep FK,2017-18,,,,False
Gaziantep FK,2018-19,,,,False
Gaziantep FK,2019-20,,,,True
Gaziantep FK,2020-21,,,,True
Gaziantep FK,2021-22,,,,True
Gaziantep FK,2022-23,,,,True
Gaziantep FK,2023-24,,,,True
Gaziantep FK,2024-25,,,,True
Gaziantep FK,2025-26,,,,True
Gaziantepspor,2016-17,,,,True
Gaziantepspor,2017-18,,,,False
Gaziantepspor,2018-19,,,,False
Gaziantepspor,2019-20,,,,False
Gaziantepspor,2020-21,,,,False
Gaziantepspor,2021-22,,,,False
Gaziantepspor,2022-23,,,,False
Gaziantepspor,2023-24,,,,False
Gaziantepspor,2024-25,,,,False
Gaziantepspor,2025-26,,,,False
Gençlerbirliği,2016-17,,,,True
Gençlerbirliği,2017-18,,,,True
Gençlerbirliği,2018-19,,,,False
Gençlerbirliği,2019-20,,,,True
Gençlerbirliği,2020-21,,,,True
Gençlerbirliği,2021-22,,,,False
Gençlerbirliği,2022-23,,,,False
Gençlerbirliği,2023-24,,,,False
Gençlerbirliği,2024-25,,,,False
Gençlerbirliği,2025-26,,,,True
Giresunspor,2016-17,,,,False
Giresunspor,2017-18,,,,False
Giresunspor,2018-19,,,,False
Giresunspor,2019-20,,,,False
Giresunspor,2020-21,,,,False
Giresunspor,2021-22,,,,True
Giresunspor,2022-23,,,,True
Giresunspor,2023-24,,,,False
Giresunspor,2024-25,,,,False
Giresunspor,2025-26,,,,False
Göztepe,2016-17,,,,False
Göztepe,2017-18,,,,True
Göztepe,2018-19,,,,True
Göztepe,2019-20,,,,True
Göztepe,2020-21,,,,True
Göztepe,2021-22,,,,True
Göztepe,2022-23,,,,False
Göztepe,2023-24,,,,False
Göztepe,2024-25,,,,True
Göztepe,2025-26,,,,True
Hatayspor,2016-17,,,,False
Hatayspor,2017-18,,,,False
Hatayspor,2018-19,,,,False
Hatayspor,2019-20,,,,False
Hatayspor,2020-21,,,,True
Hatayspor,2021-22,,,,True
Hatayspor,2022-23,,,,True
Hatayspor,2023-24,,,,True
Hatayspor,2024-25,,,,True
Hatayspor,2025-26,,,,False
Karabükspor,2016-17,,,,True
Karabükspor,2017-18,,,,True
Karabükspor,2018-19,,,,False
Karabükspor,2019-20,,,,False
Karabükspor,2020-21,,,,False
Karabükspor,2021-22,,,,False
Karabükspor,2022-23,,,,False
Karabükspor,2023-24,,,,False
Karabükspor,2024-25,,,,False
Karabükspor,2025-26,,,,False
Kasımpaşa,2016-17,,,,True
Kasımpaşa,2017-18,,,,True
Kasımpaşa,2018-19,,,,True
Kasımpaşa,2019-20,,,,True
Kasımpaşa,2020-21,,,,True
Kasımpaşa,2021-22,,,,True
Kasımpaşa,2022-23,,,,True
Kasımpaşa,2023-24,,,,True
Kasımpaşa,2024-25,,,,True
Kasımpaşa,2025-26,,,,True
Kayserispor,2016-17,,,,True
Kayserispor,2017-18,,,,True
Kayserispor,2018-19,,,,True
Kayserispor,2019-20,,,,True
Kayserispor,2020-21,,,,True
Kayserispor,2021-22,,,,True
Kayserispor,2022-23,,,,True
Kayserispor,2023-24,,,,True
Kayserispor,2024-25,,,,True
Kayserispor,2025-26,,,,True
Kocaelispor,2016-17,,,,False
Kocaelispor,2017-18,,,,False
Kocaelispor,2018-19,,,,False
Kocaelispor,2019-20,,,,False
Kocaelispor,2020-21,,,,False
Kocaelispor,2021-22,,,,False
Kocaelispor,2022-23,,,,False
Kocaelispor,2023-24,,,,False
Kocaelispor,2024-25,,,,False
Kocaelispor,2025-26,,,,True
Konyaspor,2016-17,,,,True
Konyaspor,2017-18,,,,True
Konyaspor,2018-19,,,,True
Konyaspor,2019-20,,,,True
Konyaspor,2020-21,,,,True
Konyaspor,2021-22,,,,True
Konyaspor,2022-23,,,,True
Konyaspor,2023-24,,,,True
Konyaspor,2024-25,,,,True
Konyaspor,2025-26,,,,True
Osmanlıspor,2016-17,,,,True
Osmanlıspor,2017-18,,,,True
Osmanlıspor,2018-19,,,,False
Osmanlıspor,2019-20,,,,False
Osmanlıspor,2020-21,,,,False
Osmanlıspor,2021-22,,,,False
Osmanlıspor,2022-23,,,,False
Osmanlıspor,2023-24,,,,False
Osmanlıspor,2024-25,,,,False
Osmanlıspor,2025-26,,,,False
Pendikspor,2016-17,,,,False
Pendikspor,2017-18,,,,False
Pendikspor,2018-19,,,,False
Pendikspor,2019-20,,,,False
Pendikspor,2020-21,,,,False
Pendikspor,2021-22,,,,False
Pendikspor,2022-23,,,,False
Pendikspor,2023-24,,,,True
Pendikspor,2024-25,,,,False
Pendikspor,2025-26,,,,False
Samsunspor,2016-17,,,,False
Samsunspor,2017-18,,,,False
Samsunspor,2018-19,,,,False
Samsunspor,2019-20,,,,False
Samsunspor,2020-21,,,,False
Samsunspor,2021-22,,,,False
Samsunspor,2022-23,,,,False
Samsunspor,2023-24,,,,True
Samsunspor,2024-25,,,,True
Samsunspor,2025-26,,,,True
Sivasspor,2016-17,,,,False
Sivasspor,2017-18,,,,True
Sivasspor,2018-19,,,,True
Sivasspor,2019-20,,,,True
Sivasspor,2020-21,,,,True
Sivasspor,2021-22,,,,True
Sivasspor,2022-23,,,,True
Sivasspor,2023-24,,,,True
Sivasspor,2024-25,,,,True
Sivasspor,2025-26,,,,False
Trabzonspor,2016-17,,,,True
Trabzonspor,2017-18,,,,True
Trabzonspor,2018-19,,,,True
Trabzonspor,2019-20,,,,True
Trabzonspor,2020-21,,,,True
Trabzonspor,2021-22,,,,True
Trabzonspor,2022-23,,,,True
Trabzonspor,2023-24,,,,True
Trabzonspor,2024-25,,,,True
Trabzonspor,2025-26,,,,True
Yeni Malatyaspor,2016-17,,,,False
Yeni Malatyaspor,2017-18,,,,True
Yeni Malatyaspor,2018-19,,,,True
Yeni Malatyaspor,2019-20,,,,True
Yeni Malatyaspor,2020-21,,,,True
Yeni Malatyaspor,2021-22,,,,True
Yeni Malatyaspor,2022-23,,,,False
Yeni Malatyaspor,2023-24,,,,False
Yeni Malatyaspor,2024-25,,,,False
Yeni Malatyaspor,2025-26,,,,False
Çaykur Rizespor,2016-17,,,,True
Çaykur Rizespor,2017-18,,,,False
Çaykur Rizespor,2018-19,,,,True
Çaykur Rizespor,2019-20,,,,True
Çaykur Rizespor,2020-21,,,,True
Çaykur Rizespor,2021-22,,,,True
Çaykur Rizespor,2022-23,,,,False
Çaykur Rizespor,2023-24,,,,True
Çaykur Rizespor,2024-25,,,,True
Çaykur Rizespor,2025-26,,,,True
Ümraniyespor,2016-17,,,,False
Ümraniyespor,2017-18,,,,False
Ümraniyespor,2018-19,,,,False
Ümraniyespor,2019-20,,,,False
Ümraniyespor,2020-21,,,,False
Ümraniyespor,2021-22,,,,False
Ümraniyespor,2022-23,,,,True
Ümraniyespor,2023-24,,,,False
Ümraniyespor,2024-25,,,,False
Ümraniyespor,2025-26,,,,False
İstanbul Başakşehir,2016-17,,,,True
İstanbul Başakşehir,2017-18,,,,True
İstanbul Başakşehir,2018-19,,,,True
İstanbul Başakşehir,2019-20,,,,True
İstanbul Başakşehir,2020-21,,,,True
İstanbul Başakşehir,2021-22,,,,True
İstanbul Başakşehir,2022-23,,,,True
İstanbul Başakşehir,2023-24,,,,True
İstanbul Başakşehir,2024-25,,,,True
İstanbul Başakşehir,2025-26,,,,True
İstanbulspor,2016-17,,,,False
İstanbulspor,2017-18,,,,False
İstanbulspor,2018-19,,,,False
İstanbulspor,2019-20,,,,False
İstanbulspor,2020-21,,,,False
İstanbulspor,2021-22,,,,False
İstanbulspor,2022-23,,,,True
İstanbulspor,2023-24,,,,True
İstanbulspor,2024-25,,,,False
İstanbulspor,2025-26,,,,False
