sezon,ev,deplasman,alan,secilen,secilen_kaynak,secim_kurali,hukmen,football-data,sofascore,openfootball,transfermarkt,wikipedia
2016-17,Adanaspor,Kasımpaşa,skor,3-0,sofascore,çoğunluk,False,2-0,3-0,,3-0,
2018-19,Akhisarspor,Beşiktaş,skor,0-3,sofascore,çoğunluk,False,1-3,0-3,0-3,0-3,
2021-22,Adana Demirspor,,kapasite,33543,wikipedia,öncelik (wikipedia > sofascore),,,16095.0,,,33543.0
2022-23,Adana Demirspor,,ort_seyirci,16929,wikipedia,öncelik (wikipedia),,,12334.0,,,16929.0
2022-23,Adana Demirspor,,kapasite,33543,wikipedia,öncelik (wikipedia > sofascore),,,16095.0,,,33543.0
2024-25,Adana Demirspor,,kapasite,30960,wikipedia,öncelik (wikipedia > sofascore),,,33543.0,,,30960.0
2016-17,Adanaspor,,ort_seyirci,4594,wikipedia,öncelik (wikipedia),,,2166.0,,,4594.0
2016-17,Adanaspor,,kapasite,36117,wikipedia,öncelik (wikipedia > sofascore),,,16095.0,,,36117.0
2016-17,Akhisarspor,,ort_seyirci,2501,wikipedia,öncelik (wikipedia),,,2719.0,,,2501.0
2016-17,Alanyaspor,,ort_seyirci,4541,wikipedia,öncelik (wikipedia),,,4028.5,,,4541.0
2016-17,Alanyaspor,,kapasite,10842,wikipedia,öncelik (wikipedia > sofascore),,,10128.0,,,10842.0
2021-22,Altay,,kapasite,14000,wikipedia,öncelik (wikipedia > sofascore),,,58008.0,,,14000.0
2018-19,Ankaragücü,,kapasite,20071,wikipedia,öncelik (wikipedia > sofascore),,,15000.0,,,20071.0
2016-17,Antalyaspor,,ort_seyirci,12645,wikipedia,öncelik (wikipedia),,,8904.0,,,12645.0
2018-19,Antalyaspor,,ort_seyirci,10226,wikipedia,öncelik (wikipedia),,,6702.0,,,10226.0
2022-23,Antalyaspor,,ort_seyirci,10414,wikipedia,öncelik (wikipedia),,,7720.0,,,10414.0
2024-25,Antalyaspor,,kapasite,29307,wikipedia,öncelik (wikipedia > sofascore),,,32537.0,,,29307.0
2025-26,Antalyaspor,,kapasite,29307,wikipedia,öncelik (wikipedia > sofascore),,,32537.0,,,29307.0
2024-25,Bodrum FK,,kapasite,3925,wikipedia,öncelik (wikipedia > sofascore),,,5000.0,,,3925.0
2016-17,Bursaspor,,ort_seyirci,16106,wikipedia,öncelik (wikipedia),,,14893.8,,,16106.0
2018-19,Bursaspor,,ort_seyirci,20952,wikipedia,öncelik (wikipedia),,,18112.0,,,20952.0
2018-19,Erzurumspor,,kapasite,23277,wikipedia,öncelik (wikipedia > sofascore),,,21374.0,,,23277.0
2024-25,Eyüpspor,,kapasite,13797,wikipedia,öncelik (wikipedia > sofascore),,,2500.0,,,13797.0
2025-26,Eyüpspor,,kapasite,13797,wikipedia,öncelik (wikipedia > sofascore),,,2500.0,,,13797.0
2021-22,Fatih Karagümrük,,kapasite,76761,wikipedia,öncelik (wikipedia > sofascore),,,6500.0,,,76761.0
2022-23,Fatih Karagümrük,,kapasite,76761,wikipedia,öncelik (wikipedia > sofascore),,,6500.0,,,76761.0
2023-24,Fatih Karagümrük,,kapasite,12000,wikipedia,öncelik (wikipedia > sofascore),,,6500.0,,,12000.0
2025-26,Fatih Karagümrük,,kapasite,77563,wikipedia,öncelik (wikipedia > sofascore),,,6500.0,,,77563.0
2016-17,Fenerbahçe,,ort_seyirci,16485,wikipedia,öncelik (wikipedia),,,26447.0,,,16485.0
2018-19,Fenerbahçe,,kapasite,47834,wikipedia,öncelik (wikipedia > sofascore),,,50530.0,,,47834.0
2019-20,Fenerbahçe,,kapasite,47834,wikipedia,öncelik (wikipedia > sofascore),,,50530.0,,,47834.0
2021-22,Fenerbahçe,,kapasite,47834,wikipedia,öncelik (wikipedia > sofascore),,,50530.0,,,47834.0
2022-23,Fenerbahçe,,ort_seyirci,38322,wikipedia,öncelik (wikipedia),,,41180.0,,,38322.0
2022-23,Fenerbahçe,,kapasite,47834,wikipedia,öncelik (wikipedia > sofascore),,,50530.0,,,47834.0
2023-24,Fenerbahçe,,kapasite,47834,wikipedia,öncelik (wikipedia > sofascore),,,50530.0,,,47834.0
2024-25,Fenerbahçe,,kapasite,47430,wikipedia,öncelik (wikipedia > sofascore),,,50530.0,,,47430.0
2025-26,Fenerbahçe,,kapasite,47430,wikipedia,öncelik (wikipedia > sofascore),,,50530.0,,,47430.0
2016-17,Galatasaray,,ort_seyirci,21351,wikipedia,öncelik (wikipedia),,,23582.8,,,21351.0
2024-25,Gaziantep FK,,kapasite,30320,wikipedia,öncelik (wikipedia > sofascore),,,33502.0,,,30320.0
2025-26,Gaziantep FK,,kapasite,30320,wikipedia,öncelik (wikipedia > sofascore),,,33502.0,,,30320.0
2016-17,Gaziantepspor,,kapasite,35558,wikipedia,öncelik (wikipedia > sofascore),,,16981.0,,,35558.0
2016-17,Gençlerbirliği,,ort_seyirci,2625,wikipedia,öncelik (wikipedia),,,8510.0,,,2625.0
2021-22,Giresunspor,,kapasite,22028,wikipedia,öncelik (wikipedia > sofascore),,,12191.0,,,22028.0
2022-23,Giresunspor,,kapasite,22028,wikipedia,öncelik (wikipedia > sofascore),,,12191.0,,,22028.0
2019-20,Göztepe,,kapasite,25035,wikipedia,öncelik (wikipedia > sofascore),,,20756.0,,,25035.0
2021-22,Göztepe,,kapasite,25035,wikipedia,öncelik (wikipedia > sofascore),,,20756.0,,,25035.0
2024-25,Göztepe,,kapasite,19713,wikipedia,öncelik (wikipedia > sofascore),,,20756.0,,,19713.0
2022-23,Hatayspor,,ort_seyirci,7147,wikipedia,öncelik (wikipedia),,,8960.0,,,7147.0
2016-17,Karabükspor,,ort_seyirci,4422,wikipedia,öncelik (wikipedia),,,5200.25,,,4422.0
2016-17,Karabükspor,,kapasite,14200,wikipedia,öncelik (wikipedia > sofascore),,,15000.0,,,14200.0
2016-17,Kasımpaşa,,ort_seyirci,1416,wikipedia,öncelik (wikipedia),,,980.0,,,1416.0
2018-19,Kasımpaşa,,ort_seyirci,2877,wikipedia,öncelik (wikipedia),,,3115.0,,,2877.0
2016-17,Kayserispor,,ort_seyirci,5524,wikipedia,öncelik (wikipedia),,,4568.5,,,5524.0
2022-23,Kayserispor,,ort_seyirci,7838,wikipedia,öncelik (wikipedia),,,12095.0,,,7838.0
2016-17,Konyaspor,,ort_seyirci,15723,wikipedia,öncelik (wikipedia),,,13200.666666666666,,,15723.0
2016-17,Osmanlıspor,,ort_seyirci,3792,wikipedia,öncelik (wikipedia),,,2688.5,,,3792.0
2023-24,Pendikspor,,kapasite,2500,wikipedia,öncelik (wikipedia > sofascore),,,4105.0,,,2500.0
2016-17,Trabzonspor,,ort_seyirci,17252,wikipedia,öncelik (wikipedia),,,9550.0,,,17252.0
2016-17,Trabzonspor,,kapasite,40782,wikipedia,öncelik (wikipedia > sofascore),,,24169.0,,,40782.0
2016-17,Çaykur Rizespor,,ort_seyirci,3369,wikipedia,öncelik (wikipedia),,,3657.0,,,3369.0
2016-17,İstanbul Başakşehir,,ort_seyirci,3208,wikipedia,öncelik (wikipedia),,,3759.3333333333335,,,3208.0
