takim,sezon,alan,durum,aciklama
Adana Demirspor,2016-17,tümü,ligde değil,Takım bu sezon Süper Lig'de değil; değerler NaN bırakıldı.
Adana Demirspor,2017-18,tümü,ligde değil,Takım bu sezon Süper Lig'de değil; değerler NaN bırakıldı.
Adana Demirspor,2018-19,tümü,ligde değil,Takım bu sezon Süper Lig'de değil; değerler NaN bırakıldı.
Adana Demirspor,2019-20,tümü,ligde değil,Takım bu sezon Süper Lig'de değil; değerler NaN bırakıldı.
Adana Demirspor,2020-21,tümü,ligde değil,Takım bu sezon Süper Lig'de değil; değerler NaN bırakıldı.
Adana Demirspor,2025-26,tümü,ligde değil,Takım bu sezon Süper Lig'de değil; değerler NaN bırakıldı.
Adanaspor,2017-18,tümü,ligde değil,Takım bu sezon Süper Lig'de değil; değerler NaN bırakıldı.
Adanaspor,2018-19,tümü,ligde değil,Takım bu sezon Süper Lig'de değil; değerler NaN bırakıldı.
Adanaspor,2019-20,tümü,ligde değil,Takım bu sezon Süper Lig'de değil; değerler NaN bırakıldı.
Adanaspor,2020-21,tümü,ligde değil,Takım bu sezon Süper Lig'de değil; değerler NaN bırakıldı.
Adanaspor,2021-22,tümü,ligde değil,Takım bu sezon Süper Lig'de değil; değerler NaN bırakıldı.
Adanaspor,2022-23,tümü,ligde değil,Takım bu sezon Süper Lig'de değil; değerler NaN bırakıldı.
Adanaspor,2023-24,tümü,ligde değil,Takım bu sezon Süper Lig'de değil; değerler NaN bırakıldı.
Adanaspor,2024-25,tümü,ligde değil,Takım bu sezon Süper Lig'de değil; değerler NaN bırakıldı.
Adanaspor,2025-26,tümü,ligde değil,Takım bu sezon Süper Lig'de değil; değerler NaN bırakıldı.
Akhisarspor,2019-20,tümü,ligde değil,Takım bu sezon Süper Lig'de değil; değerler NaN bırakıldı.
Akhisarspor,2020-21,tümü,ligde değil,Takım bu sezon Süper Lig'de değil; değerler NaN bırakıldı.
Akhisarspor,2021-22,tümü,ligde değil,Takım bu sezon Süper Lig'de değil; değerler NaN bırakıldı.
Akhisarspor,2022-23,tümü,ligde değil,Takım bu sezon Süper Lig'de değil; değerler NaN bırakıldı.
Akhisarspor,2023-24,tümü,ligde değil,Takım bu sezon Süper Lig'de değil; değerler NaN bırakıldı.
Akhisarspor,2024-25,tümü,ligde değil,Takım bu sezon Süper Lig'de değil; değerler NaN bırakıldı.
Akhisarspor,2025-26,tümü,ligde değil,Takım bu sezon Süper Lig'de değil; değerler NaN bırakıldı.
Altay,2016-17,tümü,ligde değil,Takım bu sezon Süper Lig'de değil; değerler NaN bırakıldı.
Altay,2017-18,tümü,ligde değil,Takım bu sezon Süper Lig'de değil; değerler NaN bırakıldı.
Altay,2018-19,tümü,ligde değil,Takım bu sezon Süper Lig'de değil; değerler NaN bırakıldı.
Altay,2019-20,tümü,ligde değil,Takım bu sezon Süper Lig'de değil; değerler NaN bırakıldı.
Altay,2020-21,tümü,ligde değil,Takım bu sezon Süper Lig'de değil; değerler NaN bırakıldı.
Altay,2022-23,tümü,ligde değil,Takım bu sezon Süper Lig'de değil; değerler NaN bırakıldı.
Altay,2023-24,tümü,ligde değil,Takım bu sezon Süper Lig'de değil; değerler NaN bırakıldı.
Altay,2024-25,tümü,ligde değil,Takım bu sezon Süper Lig'de değil; değerler NaN bırakıldı.
Altay,2025-26,tümü,ligde değil,Takım bu sezon Süper Lig'de değil; değerler NaN bırakıldı.
Ankaragücü,2016-17,tümü,ligde değil,Takım bu sezon Süper Lig'de değil; değerler NaN bırakıldı.
Ankaragücü,2017-18,tümü,ligde değil,Takım bu sezon Süper Lig'de değil; değerler NaN bırakıldı.
Ankaragücü,2021-22,tümü,ligde değil,Takım bu sezon Süper Lig'de değil; değerler NaN bırakıldı.
Ankaragücü,2024-25,tümü,ligde değil,Takım bu sezon Süper Lig'de değil; değerler NaN bırakıldı.
Ankaragücü,2025-26,tümü,ligde değil,Takım bu sezon Süper Lig'de değil; değerler NaN bırakıldı.
Bodrum FK,2016-17,tümü,ligde değil,Takım bu sezon Süper Lig'de değil; değerler NaN bırakıldı.
Bodrum FK,2017-18,tümü,ligde değil,Takım bu sezon Süper Lig'de değil; değerler NaN bırakıldı.
Bodrum FK,2018-19,tümü,ligde değil,Takım bu sezon Süper Lig'de değil; değerler NaN bırakıldı.
Bodrum FK,2019-20,tümü,ligde değil,Takım bu sezon Süper Lig'de değil; değerler NaN bırakıldı.
Bodrum FK,2020-21,tümü,ligde değil,Takım bu sezon Süper Lig'de değil; değerler NaN bırakıldı.
Bodrum FK,2021-22,tümü,ligde değil,Takım bu sezon Süper Lig'de değil; değerler NaN bırakıldı.
Bodrum FK,2022-23,tümü,ligde değil,Takım bu sezon Süper Lig'de değil; değerler NaN bırakıldı.
Bodrum FK,2023-24,tümü,ligde değil,Takım bu sezon Süper Lig'de değil; değerler NaN bırakıldı.
Bodrum FK,2025-26,tümü,ligde değil,Takım bu sezon Süper Lig'de değil; değerler NaN bırakıldı.
Bursaspor,2019-20,tümü,ligde değil,Takım bu sezon Süper Lig'de değil; değerler NaN bırakıldı.
Bursaspor,2020-21,tümü,ligde değil,Takım bu sezon Süper Lig'de değil; değerler NaN bırakıldı.
Bursaspor,2021-22,tümü,ligde değil,Takım bu sezon Süper Lig'de değil; değerler NaN bırakıldı.
Bursaspor,2022-23,tümü,ligde değil,Takım bu sezon Süper Lig'de değil; değerler NaN bırakıldı.
Bursaspor,2023-24,tümü,ligde değil,Takım bu sezon Süper Lig'de değil; değerler NaN bırakıldı.
Bursaspor,2024-25,tümü,ligde değil,Takım bu sezon Süper Lig'de değil; değerler NaN bırakıldı.
Bursaspor,2025-26,tümü,ligde değil,Takım bu sezon Süper Lig'de değil; değerler NaN bırakıldı.
Denizlispor,2016-17,tümü,ligde değil,Takım bu sezon Süper Lig'de değil; değerler NaN bırakıldı.
Denizlispor,2017-18,tümü,ligde değil,Takım bu sezon Süper Lig'de değil; değerler NaN bırakıldı.
Denizlispor,2018-19,tümü,ligde değil,Takım bu sezon Süper Lig'de değil; değerler NaN bırakıldı.
Denizlispor,2021-22,tümü,ligde değil,Takım bu sezon Süper Lig'de değil; değerler NaN bırakıldı.
Denizlispor,2022-23,tümü,ligde değil,Takım bu sezon Süper Lig'de değil; değerler NaN bırakıldı.
Denizlispor,2023-24,tümü,ligde değil,Takım bu sezon Süper Lig'de değil; değerler NaN bırakıldı.
Denizlispor,2024-25,tümü,ligde değil,Takım bu sezon Süper Lig'de değil; değerler NaN bırakıldı.
Denizlispor,2025-26,tümü,ligde değil,Takım bu sezon Süper Lig'de değil; değerler NaN bırakıldı.
Erzurumspor,2016-17,tümü,ligde değil,Takım bu sezon Süper Lig'de değil; değerler NaN bırakıldı.
Erzurumspor,2017-18,tümü,ligde değil,Takım bu sezon Süper Lig'de değil; değerler NaN bırakıldı.
Erzurumspor,2019-20,tümü,ligde değil,Takım bu sezon Süper Lig'de değil; değerler NaN bırakıldı.
Erzurumspor,2021-22,tümü,ligde değil,Takım bu sezon Süper Lig'de değil; değerler NaN bırakıldı.
Erzurumspor,2022-23,tümü,ligde değil,Takım bu sezon Süper Lig'de değil; değerler NaN bırakıldı.
Erzurumspor,2023-24,tümü,ligde değil,Takım bu sezon Süper Lig'de değil; değerler NaN bırakıldı.
Erzurumspor,2024-25,tümü,ligde değil,Takım bu sezon Süper Lig'de değil; değerler NaN bırakıldı.
Erzurumspor,2025-26,tümü,ligde değil,Takım bu sezon Süper Lig'de değil; değerler NaN bırakıldı.
Eyüpspor,2016-17,tümü,ligde değil,Takım bu sezon Süper Lig'de değil; değerler NaN bırakıldı.
Eyüpspor,2017-18,tümü,ligde değil,Takım bu sezon Süper Lig'de değil; değerler NaN bırakıldı.
Eyüpspor,2018-19,tümü,ligde değil,Takım bu sezon Süper Lig'de değil; değerler NaN bırakıldı.
Eyüpspor,2019-20,tümü,ligde değil,Takım bu sezon Süper Lig'de değil; değerler NaN bırakıldı.
Eyüpspor,2020-21,tümü,ligde değil,Takım bu sezon Süper Lig'de değil; değerler NaN bırakıldı.
Eyüpspor,2021-22,tümü,ligde değil,Takım bu sezon Süper Lig'de değil; değerler NaN bırakıldı.
Eyüpspor,2022-23,tümü,ligde değil,Takım bu sezon Süper Lig'de değil; değerler NaN bırakıldı.
Eyüpspor,2023-24,tümü,ligde değil,Takım bu sezon Süper Lig'de değil; değerler NaN bırakıldı.
Fatih Karagümrük,2016-17,tümü,ligde değil,Takım bu sezon Süper Lig'de değil; değerler NaN bırakıldı.
Fatih Karagümrük,2017-18,tümü,ligde değil,Takım bu sezon Süper Lig'de değil; değerler NaN bırakıldı.
Fatih Karagümrük,2018-19,tümü,ligde değil,Takım bu sezon Süper Lig'de değil; değerler NaN bırakıldı.
Fatih Karagümrük,2019-20,tümü,ligde değil,Takım bu sezon Süper Lig'de değil; değerler NaN bırakıldı.
Fatih Karagümrük,2024-25,tümü,ligde değil,Takım bu sezon Süper Lig'de değil; değerler NaN bırakıldı.
Gaziantep FK,2016-17,tümü,ligde değil,Takım bu sezon Süper Lig'de değil; değerler NaN bırakıldı.
Gaziantep FK,2017-18,tümü,ligde değil,Takım bu sezon Süper Lig'de değil; değerler NaN bırakıldı.
Gaziantep FK,2018-19,tümü,ligde değil,Takım bu sezon Süper Lig'de değil; değerler NaN bırakıldı.
Gaziantepspor,2017-18,tümü,ligde değil,Takım bu sezon Süper Lig'de değil; değerler NaN bırakıldı.
Gaziantepspor,2018-19,tümü,ligde değil,Takım bu sezon Süper Lig'de değil; değerler NaN bırakıldı.
Gaziantepspor,2019-20,tümü,ligde değil,Takım bu sezon Süper Lig'de değil; değerler NaN bırakıldı.
Gaziantepspor,2020-21,tümü,ligde değil,Takım bu sezon Süper Lig'de değil; değerler NaN bırakıldı.
Gaziantepspor,2021-22,tümü,ligde değil,Takım bu sezon Süper Lig'de değil; değerler NaN bırakıldı.
Gaziantepspor,2022-23,tümü,ligde değil,Takım bu sezon Süper Lig'de değil; değerler NaN bırakıldı.
Gaziantepspor,2023-24,tümü,ligde değil,Takım bu sezon Süper Lig'de değil; değerler NaN bırakıldı.
Gaziantepspor,2024-25,tümü,ligde değil,Takım bu sezon Süper Lig'de değil; değerler NaN bırakıldı.
Gaziantepspor,2025-26,tümü,ligde değil,Takım bu sezon Süper Lig'de değil; değerler NaN bırakıldı.
Gençlerbirliği,2018-19,tümü,ligde değil,Takım bu sezon Süper Lig'de değil; değerler NaN bırakıldı.
Gençlerbirliği,2021-22,tümü,ligde değil,Takım bu sezon Süper Lig'de değil; değerler NaN bırakıldı.
Gençlerbirliği,2022-23,tümü,ligde değil,Takım bu sezon Süper Lig'de değil; değerler NaN bırakıldı.
Gençlerbirliği,2023-24,tümü,ligde değil,Takım bu sezon Süper Lig'de değil; değerler NaN bırakıldı.
Gençlerbirliği,2024-25,tümü,ligde değil,Takım bu sezon Süper Lig'de değil; değerler NaN bırakıldı.
Giresunspor,2016-17,tümü,ligde değil,Takım bu sezon Süper Lig'de değil; değerler NaN bırakıldı.
Giresunspor,2017-18,tümü,ligde değil,Takım bu sezon Süper Lig'de değil; değerler NaN bırakıldı.
Giresunspor,2018-19,tümü,ligde değil,Takım bu sezon Süper Lig'de değil; değerler NaN bırakıldı.
Giresunspor,2019-20,tümü,ligde değil,Takım bu sezon Süper Lig'de değil; değerler NaN bırakıldı.
Giresunspor,2020-21,tümü,ligde değil,Takım bu sezon Süper Lig'de değil; değerler NaN bırakıldı.
Giresunspor,2023-24,tümü,ligde değil,Takım bu sezon Süper Lig'de değil; değerler NaN bırakıldı.
Giresunspor,2024-25,tümü,ligde değil,Takım bu sezon Süper Lig'de değil; değerler NaN bırakıldı.
Giresunspor,2025-26,tümü,ligde değil,Takım bu sezon Süper Lig'de değil; değerler NaN bırakıldı.
Göztepe,2016-17,tümü,ligde değil,Takım bu sezon Süper Lig'de değil; değerler NaN bırakıldı.
Göztepe,2022-23,tümü,ligde değil,Takım bu sezon Süper Lig'de değil; değerler NaN bırakıldı.
Göztepe,2023-24,tümü,ligde değil,Takım bu sezon Süper Lig'de değil; değerler NaN bırakıldı.
Hatayspor,2016-17,tümü,ligde değil,Takım bu sezon Süper Lig'de değil; değerler NaN bırakıldı.
Hatayspor,2017-18,tümü,ligde değil,Takım bu sezon Süper Lig'de değil; değerler NaN bırakıldı.
Hatayspor,2018-19,tümü,ligde değil,Takım bu sezon Süper Lig'de değil; değerler NaN bırakıldı.
Hatayspor,2019-20,tümü,ligde değil,Takım bu sezon Süper Lig'de değil; değerler NaN bırakıldı.
Hatayspor,2025-26,tümü,ligde değil,Takım bu sezon Süper Lig'de değil; değerler NaN bırakıldı.
Karabükspor,2018-19,tümü,ligde değil,Takım bu sezon Süper Lig'de değil; değerler NaN bırakıldı.
Karabükspor,2019-20,tümü,ligde değil,Takım bu sezon Süper Lig'de değil; değerler NaN bırakıldı.
Karabükspor,2020-21,tümü,ligde değil,Takım bu sezon Süper Lig'de değil; değerler NaN bırakıldı.
Karabükspor,2021-22,tümü,ligde değil,Takım bu sezon Süper Lig'de değil; değerler NaN bırakıldı.
Karabükspor,2022-23,tümü,ligde değil,Takım bu sezon Süper Lig'de değil; değerler NaN bırakıldı.
Karabükspor,2023-24,tümü,ligde değil,Takım bu sezon Süper Lig'de değil; değerler NaN bırakıldı.
Karabükspor,2024-25,tümü,ligde değil,Takım bu sezon Süper Lig'de değil; değerler NaN bırakıldı.
Karabükspor,2025-26,tümü,ligde değil,Takım bu sezon Süper Lig'de değil; değerler NaN bırakıldı.
Kocaelispor,2016-17,tümü,ligde değil,Takım bu sezon Süper Lig'de değil; değerler NaN bırakıldı.
Kocaelispor,2017-18,tümü,ligde değil,Takım bu sezon Süper Lig'de değil; değerler NaN bırakıldı.
Kocaelispor,2018-19,tümü,ligde değil,Takım bu sezon Süper Lig'de değil; değerler NaN bırakıldı.
Kocaelispor,2019-20,tümü,ligde değil,Takım bu sezon Süper Lig'de değil; değerler NaN bırakıldı.
Kocaelispor,2020-21,tümü,ligde değil,Takım bu sezon Süper Lig'de değil; değerler NaN bırakıldı.
Kocaelispor,2021-22,tümü,ligde değil,Takım bu sezon Süper Lig'de değil; değerler NaN bırakıldı.
Kocaelispor,2022-23,tümü,ligde değil,Takım bu sezon Süper Lig'de değil; değerler NaN bırakıldı.
Kocaelispor,2023-24,tümü,ligde değil,Takım bu sezon Süper Lig'de değil; değerler NaN bırakıldı.
Kocaelispor,2024-25,tümü,ligde değil,Takım bu sezon Süper Lig'de değil; değerler NaN bırakıldı.
Osmanlıspor,2018-19,tümü,ligde değil,Takım bu sezon Süper Lig'de değil; değerler NaN bırakıldı.
Osmanlıspor,2019-20,tümü,ligde değil,Takım bu sezon Süper Lig'de değil; değerler NaN bırakıldı.
Osmanlıspor,2020-21,tümü,ligde değil,Takım bu sezon Süper Lig'de değil; değerler NaN bırakıldı.
Osmanlıspor,2021-22,tümü,ligde değil,Takım bu sezon Süper Lig'de değil; değerler NaN bırakıldı.
Osmanlıspor,2022-23,tümü,ligde değil,Takım bu sezon Süper Lig'de değil; değerler NaN bırakıldı.
Osmanlıspor,2023-24,tümü,ligde değil,Takım bu sezon Süper Lig'de değil; değerler NaN bırakıldı.
Osmanlıspor,2024-25,tümü,ligde değil,Takım bu sezon Süper Lig'de değil; değerler NaN bırakıldı.
Osmanlıspor,2025-26,tümü,ligde değil,Takım bu sezon Süper Lig'de değil; değerler NaN bırakıldı.
Pendikspor,2016-17,tümü,ligde değil,Takım bu sezon Süper Lig'de değil; değerler NaN bırakıldı.
Pendikspor,2017-18,tümü,ligde değil,Takım bu sezon Süper Lig'de değil; değerler NaN bırakıldı.
Pendikspor,2018-19,tümü,ligde değil,Takım bu sezon Süper Lig'de değil; değerler NaN bırakıldı.
Pendikspor,2019-20,tümü,ligde değil,Takım bu sezon Süper Lig'de değil; değerler NaN bırakıldı.
Pendikspor,2020-21,tümü,ligde değil,Takım bu sezon Süper Lig'de değil; değerler NaN bırakıldı.
Pendikspor,2021-22,tümü,ligde değil,Takım bu sezon Süper Lig'de değil; değerler NaN bırakıldı.
Pendikspor,2022-23,tümü,ligde değil,Takım bu sezon Süper Lig'de değil; değerler NaN bırakıldı.
Pendikspor,2024-25,tümü,ligde değil,Takım bu sezon Süper Lig'de değil; değerler NaN bırakıldı.
Pendikspor,2025-26,tümü,ligde değil,Takım bu sezon Süper Lig'de değil; değerler NaN bırakıldı.
Samsunspor,2016-17,tümü,ligde değil,Takım bu sezon Süper Lig'de değil; değerler NaN bırakıldı.
Samsunspor,2017-18,tümü,ligde değil,Takım bu sezon Süper Lig'de değil; değerler NaN bırakıldı.
Samsunspor,2018-19,tümü,ligde değil,Takım bu sezon Süper Lig'de değil; değerler NaN bırakıldı.
Samsunspor,2019-20,tümü,ligde değil,Takım bu sezon Süper Lig'de değil; değerler NaN bırakıldı.
Samsunspor,2020-21,tümü,ligde değil,Takım bu sezon Süper Lig'de değil; değerler NaN bırakıldı.
Samsunspor,2021-22,tümü,ligde değil,Takım bu sezon Süper Lig'de değil; değerler NaN bırakıldı.
Samsunspor,2022-23,tümü,ligde değil,Takım bu sezon Süper Lig'de değil; değerler NaN bırakıldı.
Sivasspor,2016-17,tümü,ligde değil,Takım bu sezon Süper Lig'de değil; değerler NaN bırakıldı.
Sivasspor,2025-26,tümü,ligde değil,Takım bu sezon Süper Lig'de değil; değerler NaN bırakıldı.
Yeni Malatyaspor,2016-17,tümü,ligde değil,Takım bu sezon Süper Lig'de değil; değerler NaN bırakıldı.
Yeni Malatyaspor,2022-23,tümü,ligde değil,Takım bu sezon Süper Lig'de değil; değerler NaN bırakıldı.
Yeni Malatyaspor,2023-24,tümü,ligde değil,Takım bu sezon Süper Lig'de değil; değerler NaN bırakıldı.
Yeni Malatyaspor,2024-25,tümü,ligde değil,Takım bu sezon Süper Lig'de değil; değerler NaN bırakıldı.
Yeni Malatyaspor,2025-26,tümü,ligde değil,Takım bu sezon Süper Lig'de değil; değerler NaN bırakıldı.
Çaykur Rizespor,2017-18,tümü,ligde değil,Takım bu sezon Süper Lig'de değil; değerler NaN bırakıldı.
Çaykur Rizespor,2022-23,tümü,ligde değil,Takım bu sezon Süper Lig'de değil; değerler NaN bırakıldı.
Ümraniyespor,2016-17,tümü,ligde değil,Takım bu sezon Süper Lig'de değil; değerler NaN bırakıldı.
Ümraniyespor,2017-18,tümü,ligde değil,Takım bu sezon Süper Lig'de değil; değerler NaN bırakıldı.
Ümraniyespor,2018-19,tümü,ligde değil,Takım bu sezon Süper Lig'de değil; değerler NaN bırakıldı.
Ümraniyespor,2019-20,tümü,ligde değil,Takım bu sezon Süper Lig'de değil; değerler NaN bırakıldı.
Ümraniyespor,2020-21,tümü,ligde değil,Takım bu sezon Süper Lig'de değil; değerler NaN bırakıldı.
Ümraniyespor,2021-22,tümü,ligde değil,Takım bu sezon Süper Lig'de değil; değerler NaN bırakıldı.
Ümraniyespor,2023-24,tümü,ligde değil,Takım bu sezon Süper Lig'de değil; değerler NaN bırakıldı.
Ümraniyespor,2024-25,tümü,ligde değil,Takım bu sezon Süper Lig'de değil; değerler NaN bırakıldı.
Ümraniyespor,2025-26,tümü,ligde değil,Takım bu sezon Süper Lig'de değil; değerler NaN bırakıldı.
İstanbulspor,2016-17,tümü,ligde değil,Takım bu sezon Süper Lig'de değil; değerler NaN bırakıldı.
İstanbulspor,2017-18,tümü,ligde değil,Takım bu sezon Süper Lig'de değil; değerler NaN bırakıldı.
İstanbulspor,2018-19,tümü,ligde değil,Takım bu sezon Süper Lig'de değil; değerler NaN bırakıldı.
İstanbulspor,2019-20,tümü,ligde değil,Takım bu sezon Süper Lig'de değil; değerler NaN bırakıldı.
İstanbulspor,2020-21,tümü,ligde değil,Takım bu sezon Süper Lig'de değil; değerler NaN bırakıldı.
İstanbulspor,2021-22,tümü,ligde değil,Takım bu sezon Süper Lig'de değil; değerler NaN bırakıldı.
İstanbulspor,2024-25,tümü,ligde değil,Takım bu sezon Süper Lig'de değil; değerler NaN bırakıldı.
İstanbulspor,2025-26,tümü,ligde değil,Takım bu sezon Süper Lig'de değil; değerler NaN bırakıldı.
Alanyaspor,2020-21,ort_seyirci,eksik,Maçlar COVID-19 nedeniyle seyircisiz oynandı.
Ankaragücü,2020-21,ort_seyirci,eksik,Maçlar COVID-19 nedeniyle seyircisiz oynandı.
Antalyaspor,2020-21,ort_seyirci,eksik,Maçlar COVID-19 nedeniyle seyircisiz oynandı.
Beşiktaş,2020-21,ort_seyirci,eksik,Maçlar COVID-19 nedeniyle seyircisiz oynandı.
Denizlispor,2020-21,ort_seyirci,eksik,Maçlar COVID-19 nedeniyle seyircisiz oynandı.
Erzurumspor,2020-21,ort_seyirci,eksik,Maçlar COVID-19 nedeniyle seyircisiz oynandı.
Fatih Karagümrük,2020-21,ort_seyirci,eksik,Maçlar COVID-19 nedeniyle seyircisiz oynandı.
Fenerbahçe,2020-21,ort_seyirci,eksik,Maçlar COVID-19 nedeniyle seyircisiz oynandı.
Galatasaray,2020-21,ort_seyirci,eksik,Maçlar COVID-19 nedeniyle seyircisiz oynandı.
Gaziantep FK,2020-21,ort_seyirci,eksik,Maçlar COVID-19 nedeniyle seyircisiz oynandı.
Gençlerbirliği,2020-21,ort_seyirci,eksik,Maçlar COVID-19 nedeniyle seyircisiz oynandı.
Göztepe,2020-21,ort_seyirci,eksik,Maçlar COVID-19 nedeniyle seyircisiz oynandı.
Hatayspor,2020-21,ort_seyirci,eksik,Maçlar COVID-19 nedeniyle seyircisiz oynandı.
Kasımpaşa,2020-21,ort_seyirci,eksik,Maçlar COVID-19 nedeniyle seyircisiz oynandı.
Kayserispor,2020-21,ort_seyirci,eksik,Maçlar COVID-19 nedeniyle seyircisiz oynandı.
Konyaspor,2020-21,ort_seyirci,eksik,Maçlar COVID-19 nedeniyle seyircisiz oynandı.
Sivasspor,2020-21,ort_seyirci,eksik,Maçlar COVID-19 nedeniyle seyircisiz oynandı.
Trabzonspor,2020-21,ort_seyirci,eksik,Maçlar COVID-19 nedeniyle seyircisiz oynandı.
Yeni Malatyaspor,2020-21,ort_seyirci,eksik,Maçlar COVID-19 nedeniyle seyircisiz oynandı.
Çaykur Rizespor,2020-21,ort_seyirci,eksik,Maçlar COVID-19 nedeniyle seyircisiz oynandı.
İstanbul Başakşehir,2020-21,ort_seyirci,eksik,Maçlar COVID-19 nedeniyle seyircisiz oynandı.
