sezon,endeks,artis,yontem
2016-17,1.0,,
2017-18,1.0903225806451613,1.09,2 kulübün medyan artışı
2018-19,1.2193548387096773,1.118,3 kulübün medyan artışı
2019-20,1.6055343219691176,1.317,4 kulübün medyan artışı
2020-21,1.8279723913812949,1.139,4 kulübün medyan artışı
2021-22,2.442465473054473,1.336,4 kulübün medyan artışı
2022-23,4.816021261916186,1.972,5 kulübün medyan artışı
2023-24,9.717868300229664,2.018,4 kulübün medyan artışı
2024-25,20.472522833336832,2.107,8 kulübün medyan artışı
2025-26,29.005585034627607,1.417,7 kulübün medyan artışı
