takim,sezon,fiyat_TL,tur,dayanak_sezon,kaynak_url
Galatasaray,2016-17,164.17,tahmin,2017-18,
Galatasaray,2017-18,179.0,gerçek,2017-18,https://milliyet.com.tr/g-saray-yeni-sezon-ic-saha-galatasaray-2456079-skorerhaber
Galatasaray,2018-19,189.9,gerçek,2018-19,https://www.goal.com/tr/haber/galatasaray-2018-19-sezonu-ic-saha-formasini-satisa-cikardi/1lhmd6suvabge15c78izu4nagj
Galatasaray,2019-20,249.9,gerçek,2019-20,https://www.aspor.com.tr/webtv/galatasaray/galatasarayin-yeni-formasi-satista
Galatasaray,2020-21,279.0,gerçek,2020-21,https://www.star.com.tr/spor/galatasaray-yeni-sezon-formalari-ne-kadar-gs-store-2020-2021-galatasaray-yeni-sezon-forma-fiyati-haber-1564870/
Galatasaray,2021-22,399.0,gerçek,2021-22,https://www.ensonhaber.com/yasam/galatasarayin-yeni-sezon-forma-fiyatlari-ne-kadar-iste-fiyatlari
Galatasaray,2022-23,799.9,gerçek,2022-23,https://www.goal.com/tr/haber/galatasaray-2022-23-sezonu-formalari-yeni-ic-saha-deplasman-ve-ucuncu-forma-stilleri/blt816bc3fb090f6e2d
Galatasaray,2023-24,1449.0,gerçek,2023-24,https://www.fanatik.com.tr/futbol/galatasarayin-yeni-sezon-forma-fiyati-belli-oldu-formalar-ne-zaman-satisa-cikacak-2513878
Galatasaray,2024-25,2999.0,gerçek,2024-25,https://www.fanatik.com.tr/galatasaray/galatasaray-yeni-sezon-formalari-ne-kadar-kac-tl-2551889
Galatasaray,2025-26,4499.99,gerçek,2025-26,https://www.cumhuriyet.com.tr/spor/galatasaray-5-yildizli-formalarini-resmen-tanitti-fiyatlari-belli-oldu-2412744
Fenerbahçe,2016-17,155.0,gerçek,2016-17,https://onedio.com/haber/fenerbahce-nin-2016-17-sezonu-formalari-tanitildi-721751
Fenerbahçe,2017-18,169.0,gerçek,2017-18,https://www.cnnturk.com/spor/futbol/son-dakika-iste-fenerbahcenin-2017-2018-sezonu-formalari-654960
Fenerbahçe,2018-19,189.0,gerçek,2018-19,https://www.aa.com.tr/tr/futbol/fenerbahcenin-yeni-sezon-formalari-aciklandi/1207834
Fenerbahçe,2019-20,249.0,gerçek,2019-20,https://www.haberturk.com/fenerbahce-nin-yeni-formalari-tanitildi-fenerbahce-2019-2020-sezonu-formalari-2505700-spor
Fenerbahçe,2020-21,289.0,gerçek,2020-21,https://www.sabah.com.tr/yasam/fenerbahce-2020-2021-forma-fiyatlari-ne-kadar-fenerium-sitesi-neden-acilmiyor-fenerbahce-yeni-sezon-formalari-satisa-cikti-mi-5104654
Fenerbahçe,2021-22,319.0,gerçek,2021-22,https://www.cumhuriyet.com.tr/haber/fenerbahce-puma-sponsorlugunda-yeni-sezon-formasini-tanitti-1851177
Fenerbahçe,2022-23,629.0,gerçek,2022-23,https://www.cnnturk.com/spor/futbol/fenerbahce-yeni-formalarini-tanitti-fenerbahcenin-formalarinda-yildiz-var-mi-iste-formalarin-fiyati-1816239
Fenerbahçe,2023-24,1399.0,gerçek,2023-24,https://www.fanatik.com.tr/trabzonspor/trabzonsporda-formalar-icin-geri-sayim-2515734
Fenerbahçe,2024-25,2999.0,gerçek,2024-25,https://halktv.com.tr/spor/fenerbahcenin-yeni-sezon-formasinin-satis-fiyati-belli-oldu-845577h
Fenerbahçe,2025-26,4249.0,gerçek,2025-26,https://www.istiklal.com.tr/gundem/fenerbahce-forma-lansmanina-taraftarlar-katilabiliyor-mu-fenerbahce-2025-2026-891581h
Beşiktaş,2016-17,155.0,gerçek,2016-17,https://www.karar.com/besiktasin-yeni-sezonda-giyecegi-formalari-gorucuye-cikti-156596
Beşiktaş,2017-18,169.0,gerçek,2017-18,https://www.cnnturk.com/spor/futbol/besiktasin-2017-18-sezonu-formalari-tanitildi
Beşiktaş,2018-19,189.0,gerçek,2018-19,https://www.goal.com/tr/haber/besiktasin-2018-19-sezonu-formalari-ve-fiyatlari-besiktas-formalari-nereden-alinir/1hztj3xm11mt0163mgvv4pyflv
Beşiktaş,2019-20,249.0,gerçek,2019-20,https://www.goal.com/tr/galeri-listesi/sueper-lig-ve-avrupada-forma-fiyatlari/z5ycgskqactd1blpnk2bvu45g
Beşiktaş,2020-21,289.0,gerçek,2020-21,https://www.yenicaggazetesi.com/iste-besiktasin-yeni-sezon-formalari-295769h.htm
Beşiktaş,2021-22,359.0,gerçek,2021-22,https://www.ensonhaber.com/yasam/besiktas-yeni-sezon-formalarini-tanitti-besiktas-yeni-sezon-forma-fiyatlari-ne-kadar
Beşiktaş,2022-23,599.0,gerçek,2022-23,https://www.istiklal.com.tr/spor/besiktas-yeni-sezon-formalarini-tanitti-699701h
Beşiktaş,2023-24,1399.0,gerçek,2023-24,https://www.fanatik.com.tr/besiktas/galeri-besiktas-yeni-sezon-formalarini-tanitti-yeni-formalarin-fiyatlari-2515702
Beşiktaş,2024-25,2999.0,gerçek,2024-25,https://ajansspor.com/haber/besiktasin-yeni-sezon-formalari-satisa-cikti-iste-fiyati-667984
Beşiktaş,2025-26,4250.0,gerçek,2025-26,https://kontraspor.com/besiktas/besiktasin-yeni-sezon-formalarinin-fiyati-belli-oldu-2025-2026-formalari-ne-kadar-besiktas-formalari-kac-para-fiyati-ne-43606
Trabzonspor,2016-17,124.56,tahmin,2019-20,
Trabzonspor,2017-18,135.81,tahmin,2019-20,
Trabzonspor,2018-19,151.89,tahmin,2019-20,
Trabzonspor,2019-20,199.99,gerçek,2019-20,https://www.goal.com/tr/galeri-listesi/sueper-lig-ve-avrupada-forma-fiyatlari/z5ycgskqactd1blpnk2bvu45g
Trabzonspor,2020-21,227.7,tahmin,2019-20,
Trabzonspor,2021-22,329.0,gerçek,2021-22,https://www.diken.com.tr/?p=978840
Trabzonspor,2022-23,599.99,gerçek,2022-23,https://www.goal.com/tr/haber/trabzonspor-2022-23-sezonu-formalari-yeni-ic-saha-deplasman-ve-ucuncu-forma-stilleri/blt670a112c2f81029f
Trabzonspor,2023-24,961.0,gerçek,2023-24,https://www.aa.com.tr/tr/futbol/super-ligde-takimlar-yeni-sezon-formalariyla-sahalari-renklendirecek/2945575
Trabzonspor,2024-25,1967.0,gerçek,2024-25,https://ajansspor.com/haber/trabzonsporun-yeni-sezon-forma-fiyatlari-belli-oldu-666627
Trabzonspor,2025-26,3199.0,gerçek,2025-26,https://www.iscihaber.net/spor/trabzonspor-yeni-sezon-formalarini-satisa-sundu-fiyatlari-da-aciklandi/163195
İstanbul Başakşehir,2016-17,,yok,,
İstanbul Başakşehir,2017-18,,yok,,
İstanbul Başakşehir,2018-19,,yok,,
İstanbul Başakşehir,2019-20,,yok,,
İstanbul Başakşehir,2020-21,,yok,,
İstanbul Başakşehir,2021-22,,yok,,
İstanbul Başakşehir,2022-23,,yok,,
İstanbul Başakşehir,2023-24,,yok,,
İstanbul Başakşehir,2024-25,,yok,,
İstanbul Başakşehir,2025-26,,yok,,
Konyaspor,2016-17,78.69,tahmin,2021-22,
Konyaspor,2017-18,85.8,tahmin,2021-22,
Konyaspor,2018-19,95.95,tahmin,2021-22,
Konyaspor,2019-20,126.34,tahmin,2021-22,
Konyaspor,2020-21,143.84,tahmin,2021-22,
Konyaspor,2021-22,192.2,gerçek,2021-22,https://www.pusulahaber.com.tr/konyasporda-100-yil-formalari-satista-iste-fiyatlar-1447255h.htm
Konyaspor,2022-23,378.98,tahmin,2021-22,
Konyaspor,2023-24,650.0,gerçek,2023-24,https://www.pusulahaber.com.tr/konyasporda-forma-fiyatlari-belli-oldu-1759929h.htm
Konyaspor,2024-25,1449.95,gerçek,2024-25,https://www.pusulahaber.com.tr/konyasporda-forma-satislari-devam-ediyor-1764855h.htm
Konyaspor,2025-26,1242.0,gerçek,2025-26,https://konyaimza.com/konyaspor/taraftarlar-formaya-kavusuyor-konyasporun-yeni-sezon-formalari-satista-25941h
Antalyaspor,2016-17,76.04,tahmin,2020-21,
Antalyaspor,2017-18,82.91,tahmin,2020-21,
Antalyaspor,2018-19,92.72,tahmin,2020-21,
Antalyaspor,2019-20,122.09,tahmin,2020-21,
Antalyaspor,2020-21,139.0,gerçek,2020-21,https://www.antalyaspor.com.tr/tr/futbol-haberleri/yeni-sezon-formalarimiz-antalyaspor-storelarda.html
Antalyaspor,2021-22,229.0,gerçek,2021-22,https://www.fanatik.com.tr/antalyasporun-yeni-sezon-formalari-tanitildi-2235579
Antalyaspor,2022-23,497.0,gerçek,2022-23,https://www.akdenizmanset.com.tr/antalyaspor-dan-forma-kampanyasi
Antalyaspor,2023-24,1002.86,tahmin,2022-23,
Antalyaspor,2024-25,1690.0,gerçek,2024-25,https://www.akdenizmanset.com.tr/antalyaspor-da-sezon-indirimi
Antalyaspor,2025-26,1966.0,gerçek,2025-26,https://www.antalyaekspres.com.tr/yeni-formalar-piyasaya-cikti
Alanyaspor,2016-17,72.91,tahmin,2017-18,
Alanyaspor,2017-18,79.5,gerçek,2017-18,https://www.turkiyegazetesi.com.tr/spor/alanyasporun-yeni-sezon-formalari-mobil-magazada-499799
Alanyaspor,2018-19,88.91,tahmin,2017-18,
Alanyaspor,2019-20,117.07,tahmin,2017-18,
Alanyaspor,2020-21,133.29,tahmin,2017-18,
Alanyaspor,2021-22,178.09,tahmin,2017-18,
Alanyaspor,2022-23,351.16,tahmin,2017-18,
Alanyaspor,2023-24,708.57,tahmin,2017-18,
Alanyaspor,2024-25,1492.74,tahmin,2017-18,
Alanyaspor,2025-26,2114.92,tahmin,2017-18,
Kasımpaşa,2016-17,,yok,,
Kasımpaşa,2017-18,,yok,,
Kasımpaşa,2018-19,,yok,,
Kasımpaşa,2019-20,,yok,,
Kasımpaşa,2020-21,,yok,,
Kasımpaşa,2021-22,,yok,,
Kasımpaşa,2022-23,,yok,,
Kasımpaşa,2023-24,,yok,,
Kasımpaşa,2024-25,,yok,,
Kasımpaşa,2025-26,,yok,,
Kayserispor,2016-17,97.59,tahmin,2018-19,
Kayserispor,2017-18,106.41,tahmin,2018-19,
Kayserispor,2018-19,119.0,gerçek,2018-19,https://www.milliyet.com.tr/yerel-haberler/kayseri/kayserisporun-yeni-formalari-satisa-cikti-12967199
Kayserispor,2019-20,149.0,gerçek,2019-20,https://www.goal.com/tr/galeri-listesi/sueper-lig-ve-avrupada-forma-fiyatlari/z5ycgskqactd1blpnk2bvu45g
Kayserispor,2020-21,169.64,tahmin,2019-20,
Kayserispor,2021-22,226.67,tahmin,2019-20,
Kayserispor,2022-23,346.41,tahmin,2023-24,
Kayserispor,2023-24,699.0,gerçek,2023-24,https://www.kayseriyerelhaber.com/kayserisporun-yeni-formalari-satisa-cikti
Kayserispor,2024-25,1966.0,gerçek,2024-25,"https://www.ntv.com.tr/sporskor/kayserisporun-yeni-sezon-formalari-tanitildi,BUENu7qRn0u__l_3fWPmYA"
Kayserispor,2025-26,2785.44,tahmin,2024-25,
Sivasspor,2016-17,57.42,tahmin,2023-24,
Sivasspor,2017-18,62.61,tahmin,2023-24,
Sivasspor,2018-19,70.02,tahmin,2023-24,
Sivasspor,2019-20,92.19,tahmin,2023-24,
Sivasspor,2020-21,104.96,tahmin,2023-24,
Sivasspor,2021-22,140.25,tahmin,2023-24,
Sivasspor,2022-23,276.54,tahmin,2023-24,
Sivasspor,2023-24,558.0,gerçek,2023-24,https://www.aa.com.tr/tr/futbol/super-ligde-takimlar-yeni-sezon-formalariyla-sahalari-renklendirecek/2945575
Sivasspor,2024-25,1058.0,gerçek,2024-25,https://gundemsivas.com/sivassporun-yeni-forma-fiyatlari-belli-oldu-sivas/
Sivasspor,2025-26,1458.0,gerçek,2025-26,https://x.com/Sivasspor/status/1941465452376428911
Çaykur Rizespor,2016-17,120.0,gerçek,2016-17,https://www.rizedeyiz.com/yeni-sezon-formalari-satisa-cikti
Çaykur Rizespor,2017-18,130.84,tahmin,2016-17,
Çaykur Rizespor,2018-19,144.22,tahmin,2019-20,
Çaykur Rizespor,2019-20,189.9,gerçek,2019-20,https://www.goal.com/tr/galeri-listesi/sueper-lig-ve-avrupada-forma-fiyatlari/z5ycgskqactd1blpnk2bvu45g
Çaykur Rizespor,2020-21,149.0,gerçek,2020-21,https://www.bolgegundem.com/caykur-rizespor-yeni-sezon-formalarini-satisa-sundu-1403068h.htm
Çaykur Rizespor,2021-22,199.09,tahmin,2020-21,
Çaykur Rizespor,2022-23,247.79,tahmin,2023-24,
Çaykur Rizespor,2023-24,500.0,gerçek,2023-24,https://www.aa.com.tr/tr/futbol/super-ligde-takimlar-yeni-sezon-formalariyla-sahalari-renklendirecek/2945575
Çaykur Rizespor,2024-25,1053.34,tahmin,2023-24,
Çaykur Rizespor,2025-26,1492.38,tahmin,2023-24,
Gaziantep FK,2016-17,,yok,,
Gaziantep FK,2017-18,,yok,,
Gaziantep FK,2018-19,,yok,,
Gaziantep FK,2019-20,,yok,,
Gaziantep FK,2020-21,,yok,,
Gaziantep FK,2021-22,,yok,,
Gaziantep FK,2022-23,,yok,,
Gaziantep FK,2023-24,,yok,,
Gaziantep FK,2024-25,,yok,,
Gaziantep FK,2025-26,,yok,,
Göztepe,2016-17,118.34,tahmin,2019-20,
Göztepe,2017-18,129.03,tahmin,2019-20,
Göztepe,2018-19,144.3,tahmin,2019-20,
Göztepe,2019-20,190.0,gerçek,2019-20,https://www.hurriyet.com.tr/sporarena/galeri-goztepenin-yeni-sezon-formalari-tanitildi-41284209
Göztepe,2020-21,216.32,tahmin,2019-20,
Göztepe,2021-22,289.04,tahmin,2019-20,
Göztepe,2022-23,569.93,tahmin,2019-20,
Göztepe,2023-24,1150.02,tahmin,2019-20,
Göztepe,2024-25,2422.73,tahmin,2019-20,
Göztepe,2025-26,3432.54,tahmin,2019-20,
Gençlerbirliği,2016-17,65.94,tahmin,2024-25,
Gençlerbirliği,2017-18,71.9,tahmin,2024-25,
Gençlerbirliği,2018-19,80.41,tahmin,2024-25,
Gençlerbirliği,2019-20,105.87,tahmin,2024-25,
Gençlerbirliği,2020-21,120.54,tahmin,2024-25,
Gençlerbirliği,2021-22,161.06,tahmin,2024-25,
Gençlerbirliği,2022-23,317.58,tahmin,2024-25,
Gençlerbirliği,2023-24,640.82,tahmin,2024-25,
Gençlerbirliği,2024-25,1350.0,gerçek,2024-25,https://www.ticarihayat.com/genclerbirliginin-yeni-sezon-forma-fiyati-ve-satis-noktalari-belli-oldu
Gençlerbirliği,2025-26,1912.69,tahmin,2024-25,
Fatih Karagümrük,2016-17,72.02,tahmin,2023-24,
Fatih Karagümrük,2017-18,78.53,tahmin,2023-24,
Fatih Karagümrük,2018-19,87.82,tahmin,2023-24,
Fatih Karagümrük,2019-20,115.63,tahmin,2023-24,
Fatih Karagümrük,2020-21,131.65,tahmin,2023-24,
Fatih Karagümrük,2021-22,175.91,tahmin,2023-24,
Fatih Karagümrük,2022-23,346.86,tahmin,2023-24,
Fatih Karagümrük,2023-24,699.9,gerçek,2023-24,https://www.aa.com.tr/tr/futbol/super-ligde-takimlar-yeni-sezon-formalariyla-sahalari-renklendirecek/2945575
Fatih Karagümrük,2024-25,1474.47,tahmin,2023-24,
Fatih Karagümrük,2025-26,2089.04,tahmin,2023-24,
Ankaragücü,2016-17,77.07,tahmin,2023-24,
Ankaragücü,2017-18,84.04,tahmin,2023-24,
Ankaragücü,2018-19,93.98,tahmin,2023-24,
Ankaragücü,2019-20,123.75,tahmin,2023-24,
Ankaragücü,2020-21,140.89,tahmin,2023-24,
Ankaragücü,2021-22,188.25,tahmin,2023-24,
Ankaragücü,2022-23,371.19,tahmin,2023-24,
Ankaragücü,2023-24,749.0,gerçek,2023-24,https://www.aa.com.tr/tr/futbol/super-ligde-takimlar-yeni-sezon-formalariyla-sahalari-renklendirecek/2945575
Ankaragücü,2024-25,1399.0,gerçek,2024-25,https://www.haberankara.com/ankaragucu/mke-ankaragucunde-yeni-sezon-formalarinin-satis-fiyati-duyuruldu-273584
Ankaragücü,2025-26,1982.11,tahmin,2024-25,
Hatayspor,2016-17,102.9,tahmin,2023-24,
Hatayspor,2017-18,112.2,tahmin,2023-24,
Hatayspor,2018-19,125.48,tahmin,2023-24,
Hatayspor,2019-20,165.21,tahmin,2023-24,
Hatayspor,2020-21,188.1,tahmin,2023-24,
Hatayspor,2021-22,251.34,tahmin,2023-24,
Hatayspor,2022-23,495.58,tahmin,2023-24,
Hatayspor,2023-24,1000.0,gerçek,2023-24,https://antakyagazetesi.com/hatayspor-forma-fiyatlari-belli-oldu/
Hatayspor,2024-25,2106.69,tahmin,2023-24,
Hatayspor,2025-26,2984.77,tahmin,2023-24,
Yeni Malatyaspor,2016-17,80.97,tahmin,2019-20,
Yeni Malatyaspor,2017-18,88.28,tahmin,2019-20,
Yeni Malatyaspor,2018-19,98.73,tahmin,2019-20,
Yeni Malatyaspor,2019-20,130.0,gerçek,2019-20,https://www.goal.com/tr/galeri-listesi/sueper-lig-ve-avrupada-forma-fiyatlari/z5ycgskqactd1blpnk2bvu45g
Yeni Malatyaspor,2020-21,148.01,tahmin,2019-20,
Yeni Malatyaspor,2021-22,170.0,gerçek,2021-22,https://ajansspor.com/haber/yeni-malatyasporda-forma-satisi-basladi-iste-fiyatlar-580677
Yeni Malatyaspor,2022-23,335.2,tahmin,2021-22,
Yeni Malatyaspor,2023-24,676.38,tahmin,2021-22,
Yeni Malatyaspor,2024-25,1424.92,tahmin,2021-22,
Yeni Malatyaspor,2025-26,2018.84,tahmin,2021-22,
