takim,sezon,en_ucuz_TL,en_pahali_TL,kaynak_url,snapshot_tarihi,not
Galatasaray,2016-17,,,,,"web.archive.org'a bağlanılamadı (ağ politikası engeli, proxy CONNECT 403); denenemedi."
Galatasaray,2017-18,,,,,"web.archive.org'a bağlanılamadı (ağ politikası engeli, proxy CONNECT 403); denenemedi."
Galatasaray,2018-19,,,,,"web.archive.org'a bağlanılamadı (ağ politikası engeli, proxy CONNECT 403); denenemedi."
Galatasaray,2019-20,,,,,"web.archive.org'a bağlanılamadı (ağ politikası engeli, proxy CONNECT 403); denenemedi."
Galatasaray,2020-21,,,,,"web.archive.org'a bağlanılamadı (ağ politikası engeli, proxy CONNECT 403); denenemedi."
Galatasaray,2021-22,,,,,"web.archive.org'a bağlanılamadı (ağ politikası engeli, proxy CONNECT 403); denenemedi."
Galatasaray,2022-23,,,,,"web.archive.org'a bağlanılamadı (ağ politikası engeli, proxy CONNECT 403); denenemedi."
Galatasaray,2023-24,,,,,"web.archive.org'a bağlanılamadı (ağ politikası engeli, proxy CONNECT 403); denenemedi."
Galatasaray,2024-25,,,,,"web.archive.org'a bağlanılamadı (ağ politikası engeli, proxy CONNECT 403); denenemedi."
Galatasaray,2025-26,,,,,"web.archive.org'a bağlanılamadı (ağ politikası engeli, proxy CONNECT 403); denenemedi."
Fenerbahçe,2016-17,,,,,"web.archive.org'a bağlanılamadı (ağ politikası engeli, proxy CONNECT 403); denenemedi."
Fenerbahçe,2017-18,,,,,"web.archive.org'a bağlanılamadı (ağ politikası engeli, proxy CONNECT 403); denenemedi."
Fenerbahçe,2018-19,,,,,"web.archive.org'a bağlanılamadı (ağ politikası engeli, proxy CONNECT 403); denenemedi."
Fenerbahçe,2019-20,,,,,"web.archive.org'a bağlanılamadı (ağ politikası engeli, proxy CONNECT 403); denenemedi."
Fenerbahçe,2020-21,,,,,"web.archive.org'a bağlanılamadı (ağ politikası engeli, proxy CONNECT 403); denenemedi."
Fenerbahçe,2021-22,,,,,"web.archive.org'a bağlanılamadı (ağ politikası engeli, proxy CONNECT 403); denenemedi."
Fenerbahçe,2022-23,,,,,"web.archive.org'a bağlanılamadı (ağ politikası engeli, proxy CONNECT 403); denenemedi."
Fenerbahçe,2023-24,,,,,"web.archive.org'a bağlanılamadı (ağ politikası engeli, proxy CONNECT 403); denenemedi."
Fenerbahçe,2024-25,,,,,"web.archive.org'a bağlanılamadı (ağ politikası engeli, proxy CONNECT 403); denenemedi."
Fenerbahçe,2025-26,,,,,"web.archive.org'a bağlanılamadı (ağ politikası engeli, proxy CONNECT 403); denenemedi."
Beşiktaş,2016-17,,,,,"web.archive.org'a bağlanılamadı (ağ politikası engeli, proxy CONNECT 403); denenemedi."
Beşiktaş,2017-18,,,,,"web.archive.org'a bağlanılamadı (ağ politikası engeli, proxy CONNECT 403); denenemedi."
Beşiktaş,2018-19,,,,,"web.archive.org'a bağlanılamadı (ağ politikası engeli, proxy CONNECT 403); denenemedi."
Beşiktaş,2019-20,,,,,"web.archive.org'a bağlanılamadı (ağ politikası engeli, proxy CONNECT 403); denenemedi."
Beşiktaş,2020-21,,,,,"web.archive.org'a bağlanılamadı (ağ politikası engeli, proxy CONNECT 403); denenemedi."
Beşiktaş,2021-22,,,,,"web.archive.org'a bağlanılamadı (ağ politikası engeli, proxy CONNECT 403); denenemedi."
Beşiktaş,2022-23,,,,,"web.archive.org'a bağlanılamadı (ağ politikası engeli, proxy CONNECT 403); denenemedi."
Beşiktaş,2023-24,,,,,"web.archive.org'a bağlanılamadı (ağ politikası engeli, proxy CONNECT 403); denenemedi."
Beşiktaş,2024-25,,,,,"web.archive.org'a bağlanılamadı (ağ politikası engeli, proxy CONNECT 403); denenemedi."
Beşiktaş,2025-26,,,,,"web.archive.org'a bağlanılamadı (ağ politikası engeli, proxy CONNECT 403); denenemedi."
Trabzonspor,2016-17,,,,,"web.archive.org'a bağlanılamadı (ağ politikası engeli, proxy CONNECT 403); denenemedi."
Trabzonspor,2017-18,,,,,"web.archive.org'a bağlanılamadı (ağ politikası engeli, proxy CONNECT 403); denenemedi."
Trabzonspor,2018-19,,,,,"web.archive.org'a bağlanılamadı (ağ politikası engeli, proxy CONNECT 403); denenemedi."
Trabzonspor,2019-20,,,,,"web.archive.org'a bağlanılamadı (ağ politikası engeli, proxy CONNECT 403); denenemedi."
Trabzonspor,2020-21,,,,,"web.archive.org'a bağlanılamadı (ağ politikası engeli, proxy CONNECT 403); denenemedi."
Trabzonspor,2021-22,,,,,"web.archive.org'a bağlanılamadı (ağ politikası engeli, proxy CONNECT 403); denenemedi."
Trabzonspor,2022-23,,,,,"web.archive.org'a bağlanılamadı (ağ politikası engeli, proxy CONNECT 403); denenemedi."
Trabzonspor,2023-24,,,,,"web.archive.org'a bağlanılamadı (ağ politikası engeli, proxy CONNECT 403); denenemedi."
Trabzonspor,2024-25,,,,,"web.archive.org'a bağlanılamadı (ağ politikası engeli, proxy CONNECT 403); denenemedi."
Trabzonspor,2025-26,,,,,"web.archive.org'a bağlanılamadı (ağ politikası engeli, proxy CONNECT 403); denenemedi."
Başakşehir,2016-17,,,,,"web.archive.org'a bağlanılamadı (ağ politikası engeli, proxy CONNECT 403); denenemedi."
Başakşehir,2017-18,,,,,"web.archive.org'a bağlanılamadı (ağ politikası engeli, proxy CONNECT 403); denenemedi."
Başakşehir,2018-19,,,,,"web.archive.org'a bağlanılamadı (ağ politikası engeli, proxy CONNECT 403); denenemedi."
Başakşehir,2019-20,,,,,"web.archive.org'a bağlanılamadı (ağ politikası engeli, proxy CONNECT 403); denenemedi."
Başakşehir,2020-21,,,,,"web.archive.org'a bağlanılamadı (ağ politikası engeli, proxy CONNECT 403); denenemedi."
Başakşehir,2021-22,,,,,"web.archive.org'a bağlanılamadı (ağ politikası engeli, proxy CONNECT 403); denenemedi."
Başakşehir,2022-23,,,,,"web.archive.org'a bağlanılamadı (ağ politikası engeli, proxy CONNECT 403); denenemedi."
Başakşehir,2023-24,,,,,"web.archive.org'a bağlanılamadı (ağ politikası engeli, proxy CONNECT 403); denenemedi."
Başakşehir,2024-25,,,,,"web.archive.org'a bağlanılamadı (ağ politikası engeli, proxy CONNECT 403); denenemedi."
Başakşehir,2025-26,,,,,"web.archive.org'a bağlanılamadı (ağ politikası engeli, proxy CONNECT 403); denenemedi."
Konyaspor,2016-17,,,,,"web.archive.org'a bağlanılamadı (ağ politikası engeli, proxy CONNECT 403); denenemedi."
Konyaspor,2017-18,,,,,"web.archive.org'a bağlanılamadı (ağ politikası engeli, proxy CONNECT 403); denenemedi."
Konyaspor,2018-19,,,,,"web.archive.org'a bağlanılamadı (ağ politikası engeli, proxy CONNECT 403); denenemedi."
Konyaspor,2019-20,,,,,"web.archive.org'a bağlanılamadı (ağ politikası engeli, proxy CONNECT 403); denenemedi."
Konyaspor,2020-21,,,,,"web.archive.org'a bağlanılamadı (ağ politikası engeli, proxy CONNECT 403); denenemedi."
Konyaspor,2021-22,,,,,"web.archive.org'a bağlanılamadı (ağ politikası engeli, proxy CONNECT 403); denenemedi."
Konyaspor,2022-23,,,,,"web.archive.org'a bağlanılamadı (ağ politikası engeli, proxy CONNECT 403); denenemedi."
Konyaspor,2023-24,,,,,"web.archive.org'a bağlanılamadı (ağ politikası engeli, proxy CONNECT 403); denenemedi."
Konyaspor,2024-25,,,,,"web.archive.org'a bağlanılamadı (ağ politikası engeli, proxy CONNECT 403); denenemedi."
Konyaspor,2025-26,,,,,"web.archive.org'a bağlanılamadı (ağ politikası engeli, proxy CONNECT 403); denenemedi."
Antalyaspor,2016-17,,,,,"web.archive.org'a bağlanılamadı (ağ politikası engeli, proxy CONNECT 403); denenemedi."
Antalyaspor,2017-18,,,,,"web.archive.org'a bağlanılamadı (ağ politikası engeli, proxy CONNECT 403); denenemedi."
Antalyaspor,2018-19,,,,,"web.archive.org'a bağlanılamadı (ağ politikası engeli, proxy CONNECT 403); denenemedi."
Antalyaspor,2019-20,,,,,"web.archive.org'a bağlanılamadı (ağ politikası engeli, proxy CONNECT 403); denenemedi."
Antalyaspor,2020-21,,,,,"web.archive.org'a bağlanılamadı (ağ politikası engeli, proxy CONNECT 403); denenemedi."
Antalyaspor,2021-22,,,,,"web.archive.org'a bağlanılamadı (ağ politikası engeli, proxy CONNECT 403); denenemedi."
Antalyaspor,2022-23,,,,,"web.archive.org'a bağlanılamadı (ağ politikası engeli, proxy CONNECT 403); denenemedi."
Antalyaspor,2023-24,,,,,"web.archive.org'a bağlanılamadı (ağ politikası engeli, proxy CONNECT 403); denenemedi."
Antalyaspor,2024-25,,,,,"web.archive.org'a bağlanılamadı (ağ politikası engeli, proxy CONNECT 403); denenemedi."
Antalyaspor,2025-26,,,,,"web.archive.org'a bağlanılamadı (ağ politikası engeli, proxy CONNECT 403); denenemedi."
Alanyaspor,2016-17,,,,,"web.archive.org'a bağlanılamadı (ağ politikası engeli, proxy CONNECT 403); denenemedi."
Alanyaspor,2017-18,,,,,"web.archive.org'a bağlanılamadı (ağ politikası engeli, proxy CONNECT 403); denenemedi."
Alanyaspor,2018-19,,,,,"web.archive.org'a bağlanılamadı (ağ politikası engeli, proxy CONNECT 403); denenemedi."
Alanyaspor,2019-20,,,,,"web.archive.org'a bağlanılamadı (ağ politikası engeli, proxy CONNECT 403); denenemedi."
Alanyaspor,2020-21,,,,,"web.archive.org'a bağlanılamadı (ağ politikası engeli, proxy CONNECT 403); denenemedi."
Alanyaspor,2021-22,,,,,"web.archive.org'a bağlanılamadı (ağ politikası engeli, proxy CONNECT 403); denenemedi."
Alanyaspor,2022-23,,,,,"web.archive.org'a bağlanılamadı (ağ politikası engeli, proxy CONNECT 403); denenemedi."
Alanyaspor,2023-24,,,,,"web.archive.org'a bağlanılamadı (ağ politikası engeli, proxy CONNECT 403); denenemedi."
Alanyaspor,2024-25,,,,,"web.archive.org'a bağlanılamadı (ağ politikası engeli, proxy CONNECT 403); denenemedi."
Alanyaspor,2025-26,,,,,"web.archive.org'a bağlanılamadı (ağ politikası engeli, proxy CONNECT 403); denenemedi."
Kasımpaşa,2016-17,,,,,"web.archive.org'a bağlanılamadı (ağ politikası engeli, proxy CONNECT 403); denenemedi."
Kasımpaşa,2017-18,,,,,"web.archive.org'a bağlanılamadı (ağ politikası engeli, proxy CONNECT 403); denenemedi."
Kasımpaşa,2018-19,,,,,"web.archive.org'a bağlanılamadı (ağ politikası engeli, proxy CONNECT 403); denenemedi."
Kasımpaşa,2019-20,,,,,"web.archive.org'a bağlanılamadı (ağ politikası engeli, proxy CONNECT 403); denenemedi."
Kasımpaşa,2020-21,,,,,"web.archive.org'a bağlanılamadı (ağ politikası engeli, proxy CONNECT 403); denenemedi."
Kasımpaşa,2021-22,,,,,"web.archive.org'a bağlanılamadı (ağ politikası engeli, proxy CONNECT 403); denenemedi."
Kasımpaşa,2022-23,,,,,"web.archive.org'a bağlanılamadı (ağ politikası engeli, proxy CONNECT 403); denenemedi."
Kasımpaşa,2023-24,,,,,"web.archive.org'a bağlanılamadı (ağ politikası engeli, proxy CONNECT 403); denenemedi."
Kasımpaşa,2024-25,,,,,"web.archive.org'a bağlanılamadı (ağ politikası engeli, proxy CONNECT 403); denenemedi."
Kasımpaşa,2025-26,,,,,"web.archive.org'a bağlanılamadı (ağ politikası engeli, proxy CONNECT 403); denenemedi."
Kayserispor,2016-17,,,,,"web.archive.org'a bağlanılamadı (ağ politikası engeli, proxy CONNECT 403); denenemedi."
Kayserispor,2017-18,,,,,"web.archive.org'a bağlanılamadı (ağ politikası engeli, proxy CONNECT 403); denenemedi."
Kayserispor,2018-19,,,,,"web.archive.org'a bağlanılamadı (ağ politikası engeli, proxy CONNECT 403); denenemedi."
Kayserispor,2019-20,,,,,"web.archive.org'a bağlanılamadı (ağ politikası engeli, proxy CONNECT 403); denenemedi."
Kayserispor,2020-21,,,,,"web.archive.org'a bağlanılamadı (ağ politikası engeli, proxy CONNECT 403); denenemedi."
Kayserispor,2021-22,,,,,"web.archive.org'a bağlanılamadı (ağ politikası engeli, proxy CONNECT 403); denenemedi."
Kayserispor,2022-23,,,,,"web.archive.org'a bağlanılamadı (ağ politikası engeli, proxy CONNECT 403); denenemedi."
Kayserispor,2023-24,,,,,"web.archive.org'a bağlanılamadı (ağ politikası engeli, proxy CONNECT 403); denenemedi."
Kayserispor,2024-25,,,,,"web.archive.org'a bağlanılamadı (ağ politikası engeli, proxy CONNECT 403); denenemedi."
Kayserispor,2025-26,,,,,"web.archive.org'a bağlanılamadı (ağ politikası engeli, proxy CONNECT 403); denenemedi."
Sivasspor,2016-17,,,,,"Takım bu sezon Süper Lig'de değil. web.archive.org'a bağlanılamadı (ağ politikası engeli, proxy CONNECT 403); denenemedi."
Sivasspor,2017-18,,,,,"web.archive.org'a bağlanılamadı (ağ politikası engeli, proxy CONNECT 403); denenemedi."
Sivasspor,2018-19,,,,,"web.archive.org'a bağlanılamadı (ağ politikası engeli, proxy CONNECT 403); denenemedi."
Sivasspor,2019-20,,,,,"web.archive.org'a bağlanılamadı (ağ politikası engeli, proxy CONNECT 403); denenemedi."
Sivasspor,2020-21,,,,,"web.archive.org'a bağlanılamadı (ağ politikası engeli, proxy CONNECT 403); denenemedi."
Sivasspor,2021-22,,,,,"web.archive.org'a bağlanılamadı (ağ politikası engeli, proxy CONNECT 403); denenemedi."
Sivasspor,2022-23,,,,,"web.archive.org'a bağlanılamadı (ağ politikası engeli, proxy CONNECT 403); denenemedi."
Sivasspor,2023-24,,,,,"web.archive.org'a bağlanılamadı (ağ politikası engeli, proxy CONNECT 403); denenemedi."
Sivasspor,2024-25,,,,,"web.archive.org'a bağlanılamadı (ağ politikası engeli, proxy CONNECT 403); denenemedi."
Sivasspor,2025-26,,,,,"Takım bu sezon Süper Lig'de değil. web.archive.org'a bağlanılamadı (ağ politikası engeli, proxy CONNECT 403); denenemedi."
Rizespor,2016-17,,,,,"web.archive.org'a bağlanılamadı (ağ politikası engeli, proxy CONNECT 403); denenemedi."
Rizespor,2017-18,,,,,"Takım bu sezon Süper Lig'de değil. web.archive.org'a bağlanılamadı (ağ politikası engeli, proxy CONNECT 403); denenemedi."
Rizespor,2018-19,,,,,"web.archive.org'a bağlanılamadı (ağ politikası engeli, proxy CONNECT 403); denenemedi."
Rizespor,2019-20,,,,,"web.archive.org'a bağlanılamadı (ağ politikası engeli, proxy CONNECT 403); denenemedi."
Rizespor,2020-21,,,,,"web.archive.org'a bağlanılamadı (ağ politikası engeli, proxy CONNECT 403); denenemedi."
Rizespor,2021-22,,,,,"web.archive.org'a bağlanılamadı (ağ politikası engeli, proxy CONNECT 403); denenemedi."
Rizespor,2022-23,,,,,"Takım bu sezon Süper Lig'de değil. web.archive.org'a bağlanılamadı (ağ politikası engeli, proxy CONNECT 403); denenemedi."
Rizespor,2023-24,,,,,"web.archive.org'a bağlanılamadı (ağ politikası engeli, proxy CONNECT 403); denenemedi."
Rizespor,2024-25,,,,,"web.archive.org'a bağlanılamadı (ağ politikası engeli, proxy CONNECT 403); denenemedi."
Rizespor,2025-26,,,,,"web.archive.org'a bağlanılamadı (ağ politikası engeli, proxy CONNECT 403); denenemedi."
Gaziantep FK,2016-17,,,,,"Takım bu sezon Süper Lig'de değil. web.archive.org'a bağlanılamadı (ağ politikası engeli, proxy CONNECT 403); denenemedi."
Gaziantep FK,2017-18,,,,,"Takım bu sezon Süper Lig'de değil. web.archive.org'a bağlanılamadı (ağ politikası engeli, proxy CONNECT 403); denenemedi."
Gaziantep FK,2018-19,,,,,"Takım bu sezon Süper Lig'de değil. web.archive.org'a bağlanılamadı (ağ politikası engeli, proxy CONNECT 403); denenemedi."
Gaziantep FK,2019-20,,,,,"web.archive.org'a bağlanılamadı (ağ politikası engeli, proxy CONNECT 403); denenemedi."
Gaziantep FK,2020-21,,,,,"web.archive.org'a bağlanılamadı (ağ politikası engeli, proxy CONNECT 403); denenemedi."
Gaziantep FK,2021-22,,,,,"web.archive.org'a bağlanılamadı (ağ politikası engeli, proxy CONNECT 403); denenemedi."
Gaziantep FK,2022-23,,,,,"Şubat 2023 depremi sonrası ligden çekildi; kalan maçlar hükmen. web.archive.org'a bağlanılamadı (ağ politikası engeli, proxy CONNECT 403); denenemedi."
Gaziantep FK,2023-24,,,,,"web.archive.org'a bağlanılamadı (ağ politikası engeli, proxy CONNECT 403); denenemedi."
Gaziantep FK,2024-25,,,,,"web.archive.org'a bağlanılamadı (ağ politikası engeli, proxy CONNECT 403); denenemedi."
Gaziantep FK,2025-26,,,,,"web.archive.org'a bağlanılamadı (ağ politikası engeli, proxy CONNECT 403); denenemedi."
Göztepe,2016-17,,,,,"Takım bu sezon Süper Lig'de değil. web.archive.org'a bağlanılamadı (ağ politikası engeli, proxy CONNECT 403); denenemedi."
Göztepe,2017-18,,,,,"web.archive.org'a bağlanılamadı (ağ politikası engeli, proxy CONNECT 403); denenemedi."
Göztepe,2018-19,,,,,"web.archive.org'a bağlanılamadı (ağ politikası engeli, proxy CONNECT 403); denenemedi."
Göztepe,2019-20,,,,,"web.archive.org'a bağlanılamadı (ağ politikası engeli, proxy CONNECT 403); denenemedi."
Göztepe,2020-21,,,,,"web.archive.org'a bağlanılamadı (ağ politikası engeli, proxy CONNECT 403); denenemedi."
Göztepe,2021-22,,,,,"web.archive.org'a bağlanılamadı (ağ politikası engeli, proxy CONNECT 403); denenemedi."
Göztepe,2022-23,,,,,"Takım bu sezon Süper Lig'de değil. web.archive.org'a bağlanılamadı (ağ politikası engeli, proxy CONNECT 403); denenemedi."
Göztepe,2023-24,,,,,"Takım bu sezon Süper Lig'de değil. web.archive.org'a bağlanılamadı (ağ politikası engeli, proxy CONNECT 403); denenemedi."
Göztepe,2024-25,,,,,"web.archive.org'a bağlanılamadı (ağ politikası engeli, proxy CONNECT 403); denenemedi."
Göztepe,2025-26,,,,,"web.archive.org'a bağlanılamadı (ağ politikası engeli, proxy CONNECT 403); denenemedi."
Gençlerbirliği,2016-17,,,,,"web.archive.org'a bağlanılamadı (ağ politikası engeli, proxy CONNECT 403); denenemedi."
Gençlerbirliği,2017-18,,,,,"web.archive.org'a bağlanılamadı (ağ politikası engeli, proxy CONNECT 403); denenemedi."
Gençlerbirliği,2018-19,,,,,"Takım bu sezon Süper Lig'de değil. web.archive.org'a bağlanılamadı (ağ politikası engeli, proxy CONNECT 403); denenemedi."
Gençlerbirliği,2019-20,,,,,"web.archive.org'a bağlanılamadı (ağ politikası engeli, proxy CONNECT 403); denenemedi."
Gençlerbirliği,2020-21,,,,,"web.archive.org'a bağlanılamadı (ağ politikası engeli, proxy CONNECT 403); denenemedi."
Gençlerbirliği,2021-22,,,,,"Takım bu sezon Süper Lig'de değil. web.archive.org'a bağlanılamadı (ağ politikası engeli, proxy CONNECT 403); denenemedi."
Gençlerbirliği,2022-23,,,,,"Takım bu sezon Süper Lig'de değil. web.archive.org'a bağlanılamadı (ağ politikası engeli, proxy CONNECT 403); denenemedi."
Gençlerbirliği,2023-24,,,,,"Takım bu sezon Süper Lig'de değil. web.archive.org'a bağlanılamadı (ağ politikası engeli, proxy CONNECT 403); denenemedi."
Gençlerbirliği,2024-25,,,,,"Takım bu sezon Süper Lig'de değil. web.archive.org'a bağlanılamadı (ağ politikası engeli, proxy CONNECT 403); denenemedi."
Gençlerbirliği,2025-26,,,,,"web.archive.org'a bağlanılamadı (ağ politikası engeli, proxy CONNECT 403); denenemedi."
Fatih Karagümrük,2016-17,,,,,"Takım bu sezon Süper Lig'de değil. web.archive.org'a bağlanılamadı (ağ politikası engeli, proxy CONNECT 403); denenemedi."
Fatih Karagümrük,2017-18,,,,,"Takım bu sezon Süper Lig'de değil. web.archive.org'a bağlanılamadı (ağ politikası engeli, proxy CONNECT 403); denenemedi."
Fatih Karagümrük,2018-19,,,,,"Takım bu sezon Süper Lig'de değil. web.archive.org'a bağlanılamadı (ağ politikası engeli, proxy CONNECT 403); denenemedi."
Fatih Karagümrük,2019-20,,,,,"Takım bu sezon Süper Lig'de değil. web.archive.org'a bağlanılamadı (ağ politikası engeli, proxy CONNECT 403); denenemedi."
Fatih Karagümrük,2020-21,,,,,"web.archive.org'a bağlanılamadı (ağ politikası engeli, proxy CONNECT 403); denenemedi."
Fatih Karagümrük,2021-22,,,,,"web.archive.org'a bağlanılamadı (ağ politikası engeli, proxy CONNECT 403); denenemedi."
Fatih Karagümrük,2022-23,,,,,"web.archive.org'a bağlanılamadı (ağ politikası engeli, proxy CONNECT 403); denenemedi."
Fatih Karagümrük,2023-24,,,,,"web.archive.org'a bağlanılamadı (ağ politikası engeli, proxy CONNECT 403); denenemedi."
Fatih Karagümrük,2024-25,,,,,"Takım bu sezon Süper Lig'de değil. web.archive.org'a bağlanılamadı (ağ politikası engeli, proxy CONNECT 403); denenemedi."
Fatih Karagümrük,2025-26,,,,,"web.archive.org'a bağlanılamadı (ağ politikası engeli, proxy CONNECT 403); denenemedi."
Ankaragücü,2016-17,,,,,"Takım bu sezon Süper Lig'de değil. web.archive.org'a bağlanılamadı (ağ politikası engeli, proxy CONNECT 403); denenemedi."
Ankaragücü,2017-18,,,,,"Takım bu sezon Süper Lig'de değil. web.archive.org'a bağlanılamadı (ağ politikası engeli, proxy CONNECT 403); denenemedi."
Ankaragücü,2018-19,,,,,"web.archive.org'a bağlanılamadı (ağ politikası engeli, proxy CONNECT 403); denenemedi."
Ankaragücü,2019-20,,,,,"web.archive.org'a bağlanılamadı (ağ politikası engeli, proxy CONNECT 403); denenemedi."
Ankaragücü,2020-21,,,,,"web.archive.org'a bağlanılamadı (ağ politikası engeli, proxy CONNECT 403); denenemedi."
Ankaragücü,2021-22,,,,,"Takım bu sezon Süper Lig'de değil. web.archive.org'a bağlanılamadı (ağ politikası engeli, proxy CONNECT 403); denenemedi."
Ankaragücü,2022-23,,,,,"web.archive.org'a bağlanılamadı (ağ politikası engeli, proxy CONNECT 403); denenemedi."
Ankaragücü,2023-24,,,,,"web.archive.org'a bağlanılamadı (ağ politikası engeli, proxy CONNECT 403); denenemedi."
Ankaragücü,2024-25,,,,,"Takım bu sezon Süper Lig'de değil. web.archive.org'a bağlanılamadı (ağ politikası engeli, proxy CONNECT 403); denenemedi."
Ankaragücü,2025-26,,,,,"Takım bu sezon Süper Lig'de değil. web.archive.org'a bağlanılamadı (ağ politikası engeli, proxy CONNECT 403); denenemedi."
Hatayspor,2016-17,,,,,"Takım bu sezon Süper Lig'de değil. web.archive.org'a bağlanılamadı (ağ politikası engeli, proxy CONNECT 403); denenemedi."
Hatayspor,2017-18,,,,,"Takım bu sezon Süper Lig'de değil. web.archive.org'a bağlanılamadı (ağ politikası engeli, proxy CONNECT 403); denenemedi."
Hatayspor,2018-19,,,,,"Takım bu sezon Süper Lig'de değil. web.archive.org'a bağlanılamadı (ağ politikası engeli, proxy CONNECT 403); denenemedi."
Hatayspor,2019-20,,,,,"Takım bu sezon Süper Lig'de değil. web.archive.org'a bağlanılamadı (ağ politikası engeli, proxy CONNECT 403); denenemedi."
Hatayspor,2020-21,,,,,"web.archive.org'a bağlanılamadı (ağ politikası engeli, proxy CONNECT 403); denenemedi."
Hatayspor,2021-22,,,,,"web.archive.org'a bağlanılamadı (ağ politikası engeli, proxy CONNECT 403); denenemedi."
Hatayspor,2022-23,,,,,"Şubat 2023 depremi sonrası ligden çekildi; kalan maçlar hükmen. web.archive.org'a bağlanılamadı (ağ politikası engeli, proxy CONNECT 403); denenemedi."
Hatayspor,2023-24,,,,,"web.archive.org'a bağlanılamadı (ağ politikası engeli, proxy CONNECT 403); denenemedi."
Hatayspor,2024-25,,,,,"web.archive.org'a bağlanılamadı (ağ politikası engeli, proxy CONNECT 403); denenemedi."
Hatayspor,2025-26,,,,,"Takım bu sezon Süper Lig'de değil. web.archive.org'a bağlanılamadı (ağ politikası engeli, proxy CONNECT 403); denenemedi."
Yeni Malatyaspor,2016-17,,,,,"Takım bu sezon Süper Lig'de değil. web.archive.org'a bağlanılamadı (ağ politikası engeli, proxy CONNECT 403); denenemedi."
Yeni Malatyaspor,2017-18,,,,,"web.archive.org'a bağlanılamadı (ağ politikası engeli, proxy CONNECT 403); denenemedi."
Yeni Malatyaspor,2018-19,,,,,"web.archive.org'a bağlanılamadı (ağ politikası engeli, proxy CONNECT 403); denenemedi."
Yeni Malatyaspor,2019-20,,,,,"web.archive.org'a bağlanılamadı (ağ politikası engeli, proxy CONNECT 403); denenemedi."
Yeni Malatyaspor,2020-21,,,,,"web.archive.org'a bağlanılamadı (ağ politikası engeli, proxy CONNECT 403); denenemedi."
Yeni Malatyaspor,2021-22,,,,,"web.archive.org'a bağlanılamadı (ağ politikası engeli, proxy CONNECT 403); denenemedi."
Yeni Malatyaspor,2022-23,,,,,"Takım bu sezon Süper Lig'de değil. web.archive.org'a bağlanılamadı (ağ politikası engeli, proxy CONNECT 403); denenemedi."
Yeni Malatyaspor,2023-24,,,,,"Takım bu sezon Süper Lig'de değil. web.archive.org'a bağlanılamadı (ağ politikası engeli, proxy CONNECT 403); denenemedi."
Yeni Malatyaspor,2024-25,,,,,"Takım bu sezon Süper Lig'de değil. web.archive.org'a bağlanılamadı (ağ politikası engeli, proxy CONNECT 403); denenemedi."
Yeni Malatyaspor,2025-26,,,,,"Takım bu sezon Süper Lig'de değil. web.archive.org'a bağlanılamadı (ağ politikası engeli, proxy CONNECT 403); denenemedi."
