takim,sezon_sayisi,mac,gol_10y,galibiyet_10y,son3_sezon,son3_puan_ort,son3_sira_ort,super_lig,turkiye_kupasi,super_kupa,kupa_10y,ort_seyirci_10y,ort_kapasite_10y,doluluk_10y,sezon_sayisi_seyircili,forma_sezon,forma_ort_TL,forma_ilk_sezon,forma_son_sezon,forma_ilk_TL,forma_son_TL,forma_artis_yuzde,forma_reel_ort_TL,xg_mac_basi,xga_mac_basi,skor_sadakat,skor_basari,skor_gol,skor_galibiyet,skor_forma,skor_form
Galatasaray,10,358.0,741.0,234.0,3.0,91.33333333333333,1.0,6,2,3,11,38661.0,52727,0.732,9,9.0,1227.187777777778,2017-18,2025-26,179.0,4499.99,2413.9608938547485,3616.6779407776817,2.123,0.943,100.0,100.0,100.0,100.0,100.0,100.0
Fenerbahçe,10,358.0,738.0,214.0,3.0,85.66666666666667,2.0,0,1,1,2,33029.0,48339,0.686,9,10.0,1064.6,2016-17,2025-26,155.0,4249.0,2641.2903225806454,3301.4953068697882,2.181,0.89,93.4936350777935,18.181818181818183,99.45652173913044,89.3048128342246,87.37893350477816,92.15968808272589
Beşiktaş,10,358.0,666.0,196.0,3.0,59.333333333333336,4.666666666666667,2,2,2,6,28947.0,42448,0.682,9,10.0,1065.7,2016-17,2025-26,155.0,4250.0,2641.935483870968,3319.890688996404,1.666,1.058,92.92786421499294,54.54545454545454,86.41304347826086,79.67914438502673,88.11555194769937,61.54998022263661
Trabzonspor,10,358.0,613.0,178.0,3.0,62.333333333333336,4.333333333333333,1,2,2,5,21794.0,40826,0.534,9,6.0,1209.33,2019-20,2025-26,199.99,3199.0,1499.5799789989499,3013.0074708586744,1.443,1.302,71.994342291372,45.45454545454545,76.81159420289855,70.05347593582889,75.82682444275748,65.12403232186247
İstanbul Başakşehir,10,358.0,567.0,181.0,3.0,57.333333333333336,4.666666666666667,1,0,0,1,3358.0,17321,0.193,9,,,,,,,,,1.424,1.3,23.762376237623766,9.090909090909092,68.47826086956522,71.65775401069519,,59.82087359439454
Konyaspor,10,358.0,446.0,113.0,3.0,42.333333333333336,12.0,0,1,1,2,13932.0,41972,0.332,9,2.0,1345.975,2024-25,2025-26,1449.95,1242.0,-14.341873857719234,2171.4308063044427,1.248,1.378,43.42291371994342,18.181818181818183,46.55797101449276,35.294117647058826,42.1270139155381,25.28394643159858
Antalyaspor,10,358.0,422.0,119.0,3.0,41.666666666666664,13.666666666666666,0,0,0,0,10539.0,31929,0.329,9,5.0,904.2,2020-21,2025-26,139.0,1966.0,1314.3884892086332,2205.9526536273834,1.059,1.52,42.998585572843,0.0,42.210144927536234,38.50267379679144,43.50939506134721,19.805616771204157
Alanyaspor,10,358.0,523.0,129.0,3.0,44.666666666666664,10.333333333333334,0,0,0,0,4368.0,10212,0.426,9,1.0,79.5,2017-18,2017-18,79.5,79.5,0.0,1119.4037680505414,1.271,1.363,56.718528995756714,0.0,60.507246376811594,43.85026737967914,0.0,32.20319828219472
Kasımpaşa,10,358.0,525.0,122.0,3.0,46.0,9.333333333333334,0,0,0,0,2377.0,14137,0.168,9,,,,,,,,,1.247,1.554,20.22630834512023,0.0,60.86956521739131,40.106951871657756,,36.29711250494434
Kayserispor,10,358.0,426.0,104.0,3.0,39.0,14.666666666666666,0,0,0,0,8789.0,32863,0.267,9,4.0,828.5,2019-20,2024-25,149.0,1966.0,1219.4630872483222,2346.2673496325287,1.247,1.523,34.229137199434234,0.0,42.934782608695656,30.481283422459892,49.12810915920357,14.558964796293157
Sivasspor,8,290.0,392.0,105.0,2.0,44.5,12.0,0,1,0,1,7459.0,27561,0.271,7,3.0,1024.6666666666667,2023-24,2025-26,558.0,1458.0,161.29032258064515,1856.67771228189,1.155,1.377,34.7949080622348,9.090909090909092,36.775362318840585,31.016042780748666,29.523147769802584,27.157145278860824
Çaykur Rizespor,8,288.0,373.0,90.0,3.0,46.666666666666664,8.666666666666666,0,0,0,0,5908.0,15227,0.389,7,4.0,239.725,2016-17,2023-24,120.0,500.0,316.6666666666667,1674.7062793231871,1.414,1.402,51.48514851485149,0.0,33.33333333333333,22.994652406417114,22.236345425629793,38.83426569475052
Gaziantep FK,7,256.0,325.0,77.0,3.0,42.0,12.333333333333334,0,0,0,0,7678.0,32441,0.24,6,,,,,,,,,1.219,1.595,30.41018387553041,0.0,24.637681159420293,16.0427807486631,,24.015369836695484
Göztepe,7,250.0,330.0,82.0,2.0,52.5,7.0,0,0,0,0,11615.0,17110,0.675,6,1.0,190.0,2019-20,2019-20,190.0,190.0,0.0,1979.7407213052193,1.622,1.134,91.93776520509195,0.0,25.543478260869566,18.71657754010695,34.45104116522174,48.7794541447703
Gençlerbirliği,5,176.0,189.0,48.0,1.0,34.0,14.0,0,0,0,0,5527.0,19622,0.279,4,1.0,1350.0,2024-25,2024-25,1350.0,1350.0,0.0,2463.2523704105934,1.069,1.523,35.92644978783593,0.0,0.0,0.53475935828877,53.812617654732975,12.196982539413462
Fatih Karagümrük,5,186.0,266.0,63.0,2.0,35.0,18.0,0,0,0,0,1908.0,77162,0.025,4,1.0,699.9,2023-24,2023-24,699.9,699.9,0.0,2066.0396833441455,1.188,1.515,0.0,0.0,13.949275362318842,8.55614973262032,37.90676753205008,1.2968299711815563
Ankaragücü,5,182.0,204.0,48.0,1.0,40.0,17.0,0,0,0,0,10477.0,20045,0.525,4,2.0,1074.0,2023-24,2024-25,749.0,1399.0,86.78237650200266,2381.818811761419,1.176,1.302,70.72135785007072,0.0,2.717391304347826,0.53475935828877,50.55171985109914,8.560773012374984
Hatayspor,5,188.0,229.0,53.0,2.0,33.5,16.5,0,0,0,0,5734.0,25248,0.227,4,1.0,1000.0,2023-24,2023-24,1000.0,1000.0,0.0,2951.90696291491,1.162,1.786,28.571428571428577,0.0,7.246376811594203,3.2085561497326207,73.38013642543658,4.411764705882355
Yeni Malatyaspor,5,180.0,205.0,47.0,,,,0,0,0,0,8670.0,27044,0.321,4,2.0,150.0,2019-20,2021-22,130.0,170.0,30.76923076923077,1343.4734731377812,,,41.86704384724187,0.0,2.898550724637681,0.0,8.97257127528553,
