takim,alan_adi,tur,kanit_url,not
Galatasaray,galatasaray.org,resmi_site,https://www.karar.com/galatasarayin-internet-sitesi-coktu-694091,Haberlerde resmi site olarak geçiyor
Galatasaray,gsstore.org,magaza,https://www.gsstore.org/giyim-forma/,GS Store resmi mağaza (Galatasaray Mağazacılık A.Ş.); eski alan adı bulunamadı
Fenerbahçe,fenerbahce.org,resmi_site,https://www.goal.com/tr/haber/fenerbahceden-pankart-aciklamasi/1m4wrwzpvki6j1uc0ymhm6wjay,Resmi site
Fenerbahçe,fenerium.com,magaza,https://fenerium.com/fenerbahce-2026-27-cubuklu-forma-p-at013egp014sr,Fenerium resmi mağaza; eski alan adı bulunamadı
Beşiktaş,bjk.com.tr,resmi_site,https://shiftdelete.net/besiktasin-resmi-sitesi-hacklendi-57632?amp=1,Resmi site
Beşiktaş,kartalyuvasi.com.tr,magaza,https://www.kartalyuvasi.com.tr/erkek/mac-urunleri/forma,Kartal Yuvası resmi mağaza; eski alan adı bulunamadı
Trabzonspor,trabzonspor.org.tr,resmi_site,https://www.trabzonspor.org.tr/en,Trabzonspor Kulübü Resmi Web Sitesi
Trabzonspor,trabzonspor.com.tr,magaza,https://trabzonspor.com.tr/tr/forma,"TS Club ürün sayfaları bu alan adında; 2025-26 formaları burada satışa çıktı (https://www.iscihaber.net/spor/trabzonspor-yeni-sezon-formalarini-satisa-sundu-fiyatlari-da-aciklandi/163195)"
Trabzonspor,tsclub.com.tr,magaza_eski,https://www.paradergi.com.tr/sektorler/2025/02/18/ts-club-e-ticaret-altyapisini-ticimaxa-tasidi,"Kullanıcının verdiği alan adı; arama kanıtı zayıf, dönemi belirsiz"
Başakşehir,ibfk.com.tr,resmi_site,https://ibfk.com.tr/,Mağaza ayrı alan adında değil (ibfk.com.tr/basaksehir-store); online satış Trendyol pazaryerinde
Konyaspor,konyaspor.org.tr,resmi_site,https://www.konyaspor.org.tr/,Konyaspor Resmi Web Sitesi
Konyaspor,konyastore.com.tr,magaza,https://www.konyastore.com.tr/Formalar,Kulüp haberi: https://www.konyaspor.org.tr/Haber/konyastore-3-magazasini-acti/1260
Antalyaspor,antalyaspor.com.tr,resmi_site,https://www.antalyaspor.com.tr/tr,Antalyaspor Resmi İnternet Sitesi
Antalyaspor,store.antalyaspor.com.tr,magaza,https://store.antalyaspor.com.tr/urun/antalyaspor-2025-26-sezon-beyaz-mac-formasi,Antalyaspor Store
Alanyaspor,alanyaspor.org.tr,resmi_site,https://www.alanyaspor.org.tr/,Alanyaspor Resmi İnternet Sitesi
Alanyaspor,alanyasporstore.com,magaza,https://alanyasporstore.com/urun/beyazwhite,Alanyaspor Store; kullanım dönemi belirsiz
Alanyaspor,store.alanyaspor.org.tr,magaza,https://store.alanyaspor.org.tr/,"""Store - Alanyaspor""; kullanım dönemi belirsiz"
Kasımpaşa,kasimpasa.com.tr,resmi_site,https://www.kasimpasa.com.tr/,Kasımpaşa Sportif Faaliyetler A.Ş.
Kasımpaşa,kasimpasaspor.org.tr,resmi_site_eski,http://www.kasimpasaspor.org.tr/,Aynı başlıkla indekslenmiş eski alan adı; dönemi belirsiz
Kasımpaşa,store.kasimpasa.com.tr,magaza,https://store.kasimpasa.com.tr/,Kasımpaşa Store
Kasımpaşa,pasastore.net,magaza_eski,https://www.kasimpasa.com.tr/tr/yeni-sezon-urunlerimiz-satista_2189.html,"Kulüp haberinin özetinde ""resmi satış sitesi www.pasastore.net""; zayıf kanıt"
Kayserispor,kayserispor.org.tr,resmi_site,https://kayserispor.org.tr/tarihce/,Resmi site (/shop ve /magaza sayfaları da var)
Kayserispor,ksstore.org,magaza,https://kayserispor.org.tr/2025/10/21/ksstoreda-yeni-urunlerimiz-simdi-satista/,KS Store
Sivasspor,sivasspor.org.tr,resmi_site,https://sivasspor.org.tr/,Sivasspor Kulübü Resmi İnternet Sitesi
Sivasspor,sivasspor.com.tr,magaza,https://www.habergazetesi.com.tr/sivasspor-dan-taraftarlara-korsan-urun-uyarisi,E-Yiğido online mağazası
Rizespor,caykurrizespor.org.tr,resmi_site,https://www.caykurrizespor.org.tr/,Çaykur Rizespor Kulübü Resmi Web Sitesi
Rizespor,atmacasm.com,magaza,https://www.caykurrizespor.org.tr/Haber/Caykur-Rizespor-Sanal-Satis-Magazasini-Acti-1916.html,Atmaca SM resmi alışveriş sitesi
Gaziantep FK,gaziantepfk.org,resmi_site,https://www.gaziantepfk.org/,Resmi site; Gazişehir dönemi için ayrı alan adı bulunamadı
Gaziantep FK,gfkstore.com.tr,magaza,https://www.gaziantepfk.org/haberler/yeni-sezon-formalarimiz-gfk-store-da-satista,GFK Store
Göztepe,goztepe.org.tr,resmi_site,https://www.goztepe.org.tr/,Resmi site
Göztepe,gozgoz.com.tr,magaza,https://www.fanatik.com.tr/goztepe/goztepeden-100-yila-ozel-forma-2555336,GözGöz Store
Gençlerbirliği,genclerbirligi.org.tr,resmi_site,https://genclerbirligi.org.tr/,Güncel mağaza bu alan adında (/magaza)
Gençlerbirliği,magaza.genclerbirligi.org.tr,magaza_eski,https://magaza.genclerbirligi.org.tr/urun/2020-2021-sezonu-cubuklu-forma/,Eski mağaza alt alan adı
Fatih Karagümrük,karagumruk.com,resmi_site,https://www.karagumruk.com/,Online mağaza bulunamadı; karagumruk.com.tr ve fatihkaragumruk.com.tr resmi değil
Ankaragücü,ankaragucu.org.tr,resmi_site,https://ankaragucu.org.tr/,MKE Ankaragücü Resmî İnternet Sitesi
Ankaragücü,ankaragucustore.com.tr,magaza,https://ankaragucustore.com.tr/forma,Kulüp haberi: https://ankaragucu.org.tr/ankaragucu-store-acildi/
Hatayspor,hatayspor.org.tr,resmi_site,https://www.hatayspor.org.tr/,Resmi site; hatayspor.org taraftar sitesi
Hatayspor,shop.hatayspor.org.tr,magaza,https://shop.hatayspor.org.tr/hatayspor-2021-2022-sezonu-bordo-ic-saha-mac-formasi-s,HatayStore online
Yeni Malatyaspor,yenimalatyaspor.org.tr,resmi_site,https://www.yenimalatyaspor.org.tr/,Online mağaza bulunamadı (yalnızca fiziki mağazalar)
