takim,alan_adi,tur
Galatasaray,galatasaray.org,resmi_site
Galatasaray,gsstore.org,magaza
Fenerbahçe,fenerbahce.org,resmi_site
Fenerbahçe,fenerium.com,magaza
Beşiktaş,bjk.com.tr,resmi_site
Beşiktaş,kartalyuvasi.com.tr,magaza
Trabzonspor,trabzonspor.org.tr,resmi_site
Trabzonspor,trabzonspor.com.tr,magaza
Trabzonspor,tsclub.com.tr,magaza_eski
Başakşehir,ibfk.com.tr,resmi_site
Konyaspor,konyaspor.org.tr,resmi_site
Konyaspor,konyastore.com.tr,magaza
Antalyaspor,antalyaspor.com.tr,resmi_site
Antalyaspor,store.antalyaspor.com.tr,magaza
Alanyaspor,alanyaspor.org.tr,resmi_site
Alanyaspor,alanyasporstore.com,magaza
Alanyaspor,store.alanyaspor.org.tr,magaza
Kasımpaşa,kasimpasa.com.tr,resmi_site
Kasımpaşa,kasimpasaspor.org.tr,resmi_site_eski
Kasımpaşa,store.kasimpasa.com.tr,magaza
Kasımpaşa,pasastore.net,magaza_eski
Kayserispor,kayserispor.org.tr,resmi_site
Kayserispor,ksstore.org,magaza
Sivasspor,sivasspor.org.tr,resmi_site
Sivasspor,sivasspor.com.tr,magaza
Rizespor,caykurrizespor.org.tr,resmi_site
Rizespor,atmacasm.com,magaza
Gaziantep FK,gaziantepfk.org,resmi_site
Gaziantep FK,gfkstore.com.tr,magaza
Göztepe,goztepe.org.tr,resmi_site
Göztepe,gozgoz.com.tr,magaza
Gençlerbirliği,genclerbirligi.org.tr,resmi_site
Gençlerbirliği,magaza.genclerbirligi.org.tr,magaza_eski
Fatih Karagümrük,karagumruk.com,resmi_site
Ankaragücü,ankaragucu.org.tr,resmi_site
Ankaragücü,ankaragucustore.com.tr,magaza
Hatayspor,hatayspor.org.tr,resmi_site
Hatayspor,shop.hatayspor.org.tr,magaza
Yeni Malatyaspor,yenimalatyaspor.org.tr,resmi_site
