takim,sezon,oynanan,galibiyet,beraberlik,maglubiyet,atilan_gol,yenilen_gol,averaj,puan,sira,puan_silme,resmi_puan,resmi_sira,ic_saha_puan,dis_saha_puan,ligde
Adana Demirspor,2016-17,,,,,,,,,,,,,,,False
Adana Demirspor,2017-18,,,,,,,,,,,,,,,False
Adana Demirspor,2018-19,,,,,,,,,,,,,,,False
Adana Demirspor,2019-20,,,,,,,,,,,,,,,False
Adana Demirspor,2020-21,,,,,,,,,,,,,,,False
Adana Demirspor,2021-22,38,15,10,13,60,47,13,55,9,0,55,9,32,23,True
Adana Demirspor,2022-23,36,20,9,7,76,45,31,69,4,0,69,4,40,29,True
Adana Demirspor,2023-24,38,10,14,14,54,61,-7,44,13,0,44,12,31,13,True
Adana Demirspor,2024-25,36,3,5,28,34,92,-58,14,19,12,2,19,6,8,True
Adana Demirspor,2025-26,,,,,,,,,,,,,,,False
Adanaspor,2016-17,34,6,7,21,33,62,-29,25,18,0,25,18,15,10,True
Adanaspor,2017-18,,,,,,,,,,,,,,,False
Adanaspor,2018-19,,,,,,,,,,,,,,,False
Adanaspor,2019-20,,,,,,,,,,,,,,,False
Adanaspor,2020-21,,,,,,,,,,,,,,,False
Adanaspor,2021-22,,,,,,,,,,,,,,,False
Adanaspor,2022-23,,,,,,,,,,,,,,,False
Adanaspor,2023-24,,,,,,,,,,,,,,,False
Adanaspor,2024-25,,,,,,,,,,,,,,,False
Adanaspor,2025-26,,,,,,,,,,,,,,,False
Akhisarspor,2016-17,34,14,6,14,46,42,4,48,7,0,48,7,29,19,True
Akhisarspor,2017-18,34,11,9,14,44,53,-9,42,11,0,42,11,25,17,True
Akhisarspor,2018-19,34,6,9,19,33,54,-21,27,18,0,27,18,18,9,True
Akhisarspor,2019-20,,,,,,,,,,,,,,,False
Akhisarspor,2020-21,,,,,,,,,,,,,,,False
Akhisarspor,2021-22,,,,,,,,,,,,,,,False
Akhisarspor,2022-23,,,,,,,,,,,,,,,False
Akhisarspor,2023-24,,,,,,,,,,,,,,,False
Akhisarspor,2024-25,,,,,,,,,,,,,,,False
Akhisarspor,2025-26,,,,,,,,,,,,,,,False
Alanyaspor,2016-17,34,12,4,18,54,65,-11,40,12,0,40,12,25,15,True
Alanyaspor,2017-18,34,11,7,16,55,59,-4,40,12,0,40,12,22,18,True
Alanyaspor,2018-19,34,12,8,14,37,43,-6,44,9,0,44,9,31,13,True
Alanyaspor,2019-20,34,16,9,9,61,37,24,57,5,0,57,5,34,23,True
Alanyaspor,2020-21,40,17,9,14,58,45,13,60,7,0,60,7,40,20,True
Alanyaspor,2021-22,38,19,7,12,67,58,9,64,5,0,64,5,31,33,True
Alanyaspor,2022-23,36,11,8,17,54,70,-16,41,15,0,41,15,28,13,True
Alanyaspor,2023-24,38,12,16,10,53,50,3,52,8,0,52,8,29,23,True
Alanyaspor,2024-25,36,12,9,15,43,50,-7,45,12,0,45,12,29,16,True
Alanyaspor,2025-26,34,7,16,11,41,41,0,37,11,0,37,11,23,14,True
Altay,2016-17,,,,,,,,,,,,,,,False
Altay,2017-18,,,,,,,,,,,,,,,False
Altay,2018-19,,,,,,,,,,,,,,,False
Altay,2019-20,,,,,,,,,,,,,,,False
Altay,2020-21,,,,,,,,,,,,,,,False
Altay,2021-22,38,9,7,22,39,57,-18,34,18,0,34,18,19,15,True
Altay,2022-23,,,,,,,,,,,,,,,False
Altay,2023-24,,,,,,,,,,,,,,,False
Altay,2024-25,,,,,,,,,,,,,,,False
Altay,2025-26,,,,,,,,,,,,,,,False
Ankaragücü,2016-17,,,,,,,,,,,,,,,False
Ankaragücü,2017-18,,,,,,,,,,,,,,,False
Ankaragücü,2018-19,34,11,7,16,38,53,-15,40,13,0,40,13,23,17,True
Ankaragücü,2019-20,34,7,11,16,31,56,-25,32,18,0,32,18,16,16,True
Ankaragücü,2020-21,40,10,8,22,46,65,-19,38,19,0,38,19,27,11,True
Ankaragücü,2021-22,,,,,,,,,,,,,,,False
Ankaragücü,2022-23,36,12,6,18,43,53,-10,42,11,0,42,11,22,20,True
Ankaragücü,2023-24,38,8,16,14,46,52,-6,40,17,0,40,17,27,13,True
Ankaragücü,2024-25,,,,,,,,,,,,,,,False
Ankaragücü,2025-26,,,,,,,,,,,,,,,False
Antalyaspor,2016-17,34,17,7,10,47,40,7,58,5,0,58,5,31,27,True
Antalyaspor,2017-18,34,10,8,16,40,59,-19,38,14,0,38,14,25,13,True
Antalyaspor,2018-19,34,13,6,15,39,55,-16,45,7,0,45,7,23,22,True
Antalyaspor,2019-20,34,11,12,11,41,52,-11,45,9,0,45,9,21,24,True
Antalyaspor,2020-21,40,9,17,14,41,55,-14,44,16,0,44,16,25,19,True
Antalyaspor,2021-22,38,16,11,11,54,47,7,59,7,0,59,7,36,23,True
Antalyaspor,2022-23,36,11,8,17,46,55,-9,41,13,0,41,13,27,14,True
Antalyaspor,2023-24,38,12,13,13,44,49,-5,49,10,0,49,10,32,17,True
Antalyaspor,2024-25,36,12,8,16,37,62,-25,44,15,0,44,15,34,10,True
Antalyaspor,2025-26,34,8,8,18,33,55,-22,32,16,0,32,16,19,13,True
Beşiktaş,2016-17,34,23,8,3,73,30,43,77,1,0,77,1,43,34,True
Beşiktaş,2017-18,34,21,8,5,69,30,39,71,4,0,71,4,45,26,True
Beşiktaş,2018-19,34,19,8,7,72,46,26,65,3,0,65,3,39,26,True
Beşiktaş,2019-20,34,19,5,10,59,40,19,62,3,0,62,3,36,26,True
Beşiktaş,2020-21,40,26,6,8,89,44,45,84,1,0,84,1,45,39,True
Beşiktaş,2021-22,38,15,14,9,56,48,8,59,6,0,59,6,36,23,True
Beşiktaş,2022-23,36,23,9,4,78,36,42,78,3,0,78,3,43,35,True
Beşiktaş,2023-24,38,16,8,14,52,47,5,56,6,0,56,6,34,22,True
Beşiktaş,2024-25,36,17,11,8,59,36,23,62,4,0,62,4,35,27,True
Beşiktaş,2025-26,34,17,9,8,59,40,19,60,4,0,60,4,31,29,True
Bodrum FK,2016-17,,,,,,,,,,,,,,,False
Bodrum FK,2017-18,,,,,,,,,,,,,,,False
Bodrum FK,2018-19,,,,,,,,,,,,,,,False
Bodrum FK,2019-20,,,,,,,,,,,,,,,False
Bodrum FK,2020-21,,,,,,,,,,,,,,,False
Bodrum FK,2021-22,,,,,,,,,,,,,,,False
Bodrum FK,2022-23,,,,,,,,,,,,,,,False
Bodrum FK,2023-24,,,,,,,,,,,,,,,False
Bodrum FK,2024-25,36,9,10,17,26,43,-17,37,16,0,37,16,20,17,True
Bodrum FK,2025-26,,,,,,,,,,,,,,,False
Bursaspor,2016-17,34,11,5,18,34,58,-24,38,14,0,38,14,24,14,True
Bursaspor,2017-18,34,11,6,17,43,48,-5,39,13,0,39,13,28,11,True
Bursaspor,2018-19,34,7,16,11,28,37,-9,37,16,0,37,16,20,17,True
Bursaspor,2019-20,,,,,,,,,,,,,,,False
Bursaspor,2020-21,,,,,,,,,,,,,,,False
Bursaspor,2021-22,,,,,,,,,,,,,,,False
Bursaspor,2022-23,,,,,,,,,,,,,,,False
Bursaspor,2023-24,,,,,,,,,,,,,,,False
Bursaspor,2024-25,,,,,,,,,,,,,,,False
Bursaspor,2025-26,,,,,,,,,,,,,,,False
Denizlispor,2016-17,,,,,,,,,,,,,,,False
Denizlispor,2017-18,,,,,,,,,,,,,,,False
Denizlispor,2018-19,,,,,,,,,,,,,,,False
Denizlispor,2019-20,34,9,8,17,31,48,-17,35,14,0,35,14,17,18,True
Denizlispor,2020-21,40,6,10,24,38,77,-39,28,21,0,28,21,18,10,True
Denizlispor,2021-22,,,,,,,,,,,,,,,False
Denizlispor,2022-23,,,,,,,,,,,,,,,False
Denizlispor,2023-24,,,,,,,,,,,,,,,False
Denizlispor,2024-25,,,,,,,,,,,,,,,False
Denizlispor,2025-26,,,,,,,,,,,,,,,False
Erzurumspor,2016-17,,,,,,,,,,,,,,,False
Erzurumspor,2017-18,,,,,,,,,,,,,,,False
Erzurumspor,2018-19,34,8,11,15,36,43,-7,35,17,0,35,17,21,14,True
Erzurumspor,2019-20,,,,,,,,,,,,,,,False
Erzurumspor,2020-21,40,10,10,20,44,68,-24,40,18,0,40,18,14,26,True
Erzurumspor,2021-22,,,,,,,,,,,,,,,False
Erzurumspor,2022-23,,,,,,,,,,,,,,,False
Erzurumspor,2023-24,,,,,,,,,,,,,,,False
Erzurumspor,2024-25,,,,,,,,,,,,,,,False
Erzurumspor,2025-26,,,,,,,,,,,,,,,False
Eyüpspor,2016-17,,,,,,,,,,,,,,,False
Eyüpspor,2017-18,,,,,,,,,,,,,,,False
Eyüpspor,2018-19,,,,,,,,,,,,,,,False
Eyüpspor,2019-20,,,,,,,,,,,,,,,False
Eyüpspor,2020-21,,,,,,,,,,,,,,,False
Eyüpspor,2021-22,,,,,,,,,,,,,,,False
Eyüpspor,2022-23,,,,,,,,,,,,,,,False
Eyüpspor,2023-24,,,,,,,,,,,,,,,False
Eyüpspor,2024-25,36,15,8,13,52,47,5,53,6,0,53,6,33,20,True
Eyüpspor,2025-26,34,8,9,17,33,48,-15,33,15,0,33,15,19,14,True
Fatih Karagümrük,2016-17,,,,,,,,,,,,,,,False
Fatih Karagümrük,2017-18,,,,,,,,,,,,,,,False
Fatih Karagümrük,2018-19,,,,,,,,,,,,,,,False
Fatih Karagümrük,2019-20,,,,,,,,,,,,,,,False
Fatih Karagümrük,2020-21,40,16,12,12,64,52,12,60,8,0,60,8,40,20,True
Fatih Karagümrük,2021-22,38,16,9,13,47,52,-5,57,8,0,57,8,35,22,True
Fatih Karagümrük,2022-23,36,13,12,11,75,63,12,51,7,0,51,7,26,25,True
Fatih Karagümrük,2023-24,38,10,10,18,49,52,-3,40,18,0,40,18,30,10,True
Fatih Karagümrük,2024-25,,,,,,,,,,,,,,,False
Fatih Karagümrük,2025-26,34,8,6,20,31,54,-23,30,18,0,30,18,21,9,True
Fenerbahçe,2016-17,34,18,10,6,60,32,28,64,3,0,64,3,30,34,True
Fenerbahçe,2017-18,34,21,9,4,78,36,42,72,2,0,72,2,37,35,True
Fenerbahçe,2018-19,34,11,13,10,44,44,0,46,6,0,46,6,31,15,True
Fenerbahçe,2019-20,34,15,8,11,58,46,12,53,7,0,53,7,36,17,True
Fenerbahçe,2020-21,40,25,7,8,72,41,31,82,3,0,82,3,35,47,True
Fenerbahçe,2021-22,38,21,10,7,73,38,35,73,2,0,73,2,38,35,True
Fenerbahçe,2022-23,36,25,5,6,87,42,45,80,2,0,80,2,41,39,True
Fenerbahçe,2023-24,38,31,6,1,99,31,68,99,2,0,99,2,48,51,True
Fenerbahçe,2024-25,36,26,6,4,90,39,51,84,2,0,84,2,44,40,True
Fenerbahçe,2025-26,34,21,11,2,77,37,40,74,2,0,74,2,39,35,True
Galatasaray,2016-17,34,20,4,10,65,40,25,64,4,0,64,4,33,31,True
Galatasaray,2017-18,34,24,3,7,75,33,42,75,1,0,75,1,49,26,True
Galatasaray,2018-19,34,20,9,5,72,36,36,69,1,0,69,1,43,26,True
Galatasaray,2019-20,34,15,11,8,55,37,18,56,6,0,56,6,35,21,True
Galatasaray,2020-21,40,26,6,8,80,36,44,84,2,0,84,2,42,42,True
Galatasaray,2021-22,38,14,10,14,51,53,-2,52,13,0,52,13,33,19,True
Galatasaray,2022-23,36,28,4,4,83,27,56,88,1,0,88,1,47,41,True
Galatasaray,2023-24,38,33,3,2,92,26,66,102,1,0,102,1,54,48,True
Galatasaray,2024-25,36,30,5,1,91,31,60,95,1,0,95,1,48,47,True
Galatasaray,2025-26,34,24,5,5,77,30,47,77,1,0,77,1,43,34,True
Gaziantep FK,2016-17,,,,,,,,,,,,,,,False
Gaziantep FK,2017-18,,,,,,,,,,,,,,,False
Gaziantep FK,2018-19,,,,,,,,,,,,,,,False
Gaziantep FK,2019-20,34,11,13,10,49,50,-1,46,8,0,46,8,25,21,True
Gaziantep FK,2020-21,40,15,13,12,59,51,8,58,9,0,58,9,36,22,True
Gaziantep FK,2021-22,38,12,10,16,48,56,-8,46,15,0,46,15,40,6,True
Gaziantep FK,2022-23,36,6,7,23,31,72,-41,25,18,0,25,18,13,12,True
Gaziantep FK,2023-24,38,12,8,18,50,57,-7,44,12,0,44,11,24,20,True
Gaziantep FK,2024-25,36,12,9,15,45,50,-5,45,14,0,45,14,34,11,True
Gaziantep FK,2025-26,34,9,10,15,43,58,-15,37,12,0,37,12,20,17,True
Gaziantepspor,2016-17,34,7,5,22,30,65,-35,26,17,0,26,17,14,12,True
Gaziantepspor,2017-18,,,,,,,,,,,,,,,False
Gaziantepspor,2018-19,,,,,,,,,,,,,,,False
Gaziantepspor,2019-20,,,,,,,,,,,,,,,False
Gaziantepspor,2020-21,,,,,,,,,,,,,,,False
Gaziantepspor,2021-22,,,,,,,,,,,,,,,False
Gaziantepspor,2022-23,,,,,,,,,,,,,,,False
Gaziantepspor,2023-24,,,,,,,,,,,,,,,False
Gaziantepspor,2024-25,,,,,,,,,,,,,,,False
Gaziantepspor,2025-26,,,,,,,,,,,,,,,False
Gençlerbirliği,2016-17,34,12,10,12,33,34,-1,46,8,0,46,8,30,16,True
Gençlerbirliği,2017-18,34,8,9,17,37,54,-17,33,17,0,33,17,25,8,True
Gençlerbirliği,2018-19,,,,,,,,,,,,,,,False
Gençlerbirliği,2019-20,34,9,9,16,39,56,-17,36,12,0,36,12,21,15,True
Gençlerbirliği,2020-21,40,10,8,22,44,76,-32,38,20,0,38,20,23,15,True
Gençlerbirliği,2021-22,,,,,,,,,,,,,,,False
Gençlerbirliği,2022-23,,,,,,,,,,,,,,,False
Gençlerbirliği,2023-24,,,,,,,,,,,,,,,False
Gençlerbirliği,2024-25,,,,,,,,,,,,,,,False
Gençlerbirliği,2025-26,34,9,7,18,36,47,-11,34,14,0,34,14,25,9,True
Giresunspor,2016-17,,,,,,,,,,,,,,,False
Giresunspor,2017-18,,,,,,,,,,,,,,,False
Giresunspor,2018-19,,,,,,,,,,,,,,,False
Giresunspor,2019-20,,,,,,,,,,,,,,,False
Giresunspor,2020-21,,,,,,,,,,,,,,,False
Giresunspor,2021-22,38,12,9,17,41,47,-6,45,16,0,45,16,26,19,True
Giresunspor,2022-23,36,10,10,16,42,60,-18,40,16,0,40,16,22,18,True
Giresunspor,2023-24,,,,,,,,,,,,,,,False
Giresunspor,2024-25,,,,,,,,,,,,,,,False
Giresunspor,2025-26,,,,,,,,,,,,,,,False
Göztepe,2016-17,,,,,,,,,,,,,,,False
Göztepe,2017-18,34,13,10,11,49,50,-1,49,6,0,49,6,29,20,True
Göztepe,2018-19,34,11,5,18,37,42,-5,38,15,0,38,15,27,11,True
Göztepe,2019-20,34,11,9,14,44,49,-5,42,11,0,42,11,24,18,True
Göztepe,2020-21,40,13,12,15,59,59,0,51,10,0,51,10,29,22,True
Göztepe,2021-22,38,7,7,24,40,77,-37,28,19,0,28,19,14,14,True
Göztepe,2022-23,,,,,,,,,,,,,,,False
Göztepe,2023-24,,,,,,,,,,,,,,,False
Göztepe,2024-25,36,13,11,12,59,50,9,50,8,0,50,8,36,14,True
Göztepe,2025-26,34,14,13,7,42,32,10,55,6,0,55,6,31,24,True
Hatayspor,2016-17,,,,,,,,,,,,,,,False
Hatayspor,2017-18,,,,,,,,,,,,,,,False
Hatayspor,2018-19,,,,,,,,,,,,,,,False
Hatayspor,2019-20,,,,,,,,,,,,,,,False
Hatayspor,2020-21,40,17,10,13,62,53,9,61,6,0,61,6,34,27,True
Hatayspor,2021-22,38,15,8,15,56,60,-4,53,12,0,53,12,35,18,True
Hatayspor,2022-23,36,6,5,25,19,83,-64,23,19,0,23,19,16,7,True
Hatayspor,2023-24,38,9,14,15,45,52,-7,41,15,0,41,15,28,13,True
Hatayspor,2024-25,36,6,8,22,47,74,-27,26,18,0,26,18,17,9,True
Hatayspor,2025-26,,,,,,,,,,,,,,,False
Karabükspor,2016-17,34,12,7,15,38,48,-10,43,11,0,43,11,34,9,True
Karabükspor,2017-18,34,3,3,28,20,86,-66,12,18,0,12,18,10,2,True
Karabükspor,2018-19,,,,,,,,,,,,,,,False
Karabükspor,2019-20,,,,,,,,,,,,,,,False
Karabükspor,2020-21,,,,,,,,,,,,,,,False
Karabükspor,2021-22,,,,,,,,,,,,,,,False
Karabükspor,2022-23,,,,,,,,,,,,,,,False
Karabükspor,2023-24,,,,,,,,,,,,,,,False
Karabükspor,2024-25,,,,,,,,,,,,,,,False
Karabükspor,2025-26,,,,,,,,,,,,,,,False
Kasımpaşa,2016-17,34,12,7,15,46,50,-4,43,10,0,43,10,28,15,True
Kasımpaşa,2017-18,34,13,7,14,57,58,-1,46,8,0,46,8,28,18,True
Kasımpaşa,2018-19,34,11,6,17,53,62,-9,39,14,0,39,14,24,15,True
Kasımpaşa,2019-20,34,12,7,15,53,58,-5,43,10,0,43,10,24,19,True
Kasımpaşa,2020-21,40,12,10,18,47,57,-10,46,14,0,46,14,31,15,True
Kasımpaşa,2021-22,38,15,8,15,67,57,10,53,11,0,53,11,28,25,True
Kasımpaşa,2022-23,36,12,7,17,45,61,-16,43,10,0,43,10,24,19,True
Kasımpaşa,2023-24,38,16,8,14,62,65,-3,56,5,0,56,5,31,25,True
Kasımpaşa,2024-25,36,11,14,11,62,63,-1,47,10,0,47,10,22,25,True
Kasımpaşa,2025-26,34,8,11,15,33,49,-16,35,13,0,35,13,21,14,True
Kayserispor,2016-17,34,10,8,16,47,58,-11,38,15,0,38,15,21,17,True
Kayserispor,2017-18,34,12,8,14,44,55,-11,44,9,0,44,9,26,18,True
Kayserispor,2018-19,34,10,11,13,35,50,-15,41,10,0,41,10,24,17,True
Kayserispor,2019-20,34,8,8,18,40,72,-32,32,17,0,32,17,24,8,True
Kayserispor,2020-21,40,9,14,17,35,52,-17,41,17,0,41,17,22,19,True
Kayserispor,2021-22,38,12,11,15,54,61,-7,47,14,0,47,14,34,13,True
Kayserispor,2022-23,36,15,5,16,55,61,-6,50,9,3,47,9,29,21,True
Kayserispor,2023-24,38,11,12,15,44,57,-13,45,11,3,42,14,26,19,True
Kayserispor,2024-25,36,11,12,13,45,57,-12,45,13,0,45,13,29,16,True
Kayserispor,2025-26,34,6,12,16,27,62,-35,30,17,0,30,17,19,11,True
Kocaelispor,2016-17,,,,,,,,,,,,,,,False
Kocaelispor,2017-18,,,,,,,,,,,,,,,False
Kocaelispor,2018-19,,,,,,,,,,,,,,,False
Kocaelispor,2019-20,,,,,,,,,,,,,,,False
Kocaelispor,2020-21,,,,,,,,,,,,,,,False
Kocaelispor,2021-22,,,,,,,,,,,,,,,False
Kocaelispor,2022-23,,,,,,,,,,,,,,,False
Kocaelispor,2023-24,,,,,,,,,,,,,,,False
Kocaelispor,2024-25,,,,,,,,,,,,,,,False
Kocaelispor,2025-26,34,9,10,15,26,38,-12,37,10,0,37,10,23,14,True
Konyaspor,2016-17,34,11,10,13,40,45,-5,43,9,0,43,9,23,20,True
Konyaspor,2017-18,34,9,9,16,38,42,-4,36,15,0,36,15,27,9,True
Konyaspor,2018-19,34,9,17,8,40,38,2,44,8,0,44,8,23,21,True
Konyaspor,2019-20,34,8,12,14,36,52,-16,36,13,0,36,13,19,17,True
Konyaspor,2020-21,40,12,14,14,49,48,1,50,11,0,50,11,30,20,True
Konyaspor,2021-22,38,20,8,10,66,45,21,68,3,0,68,3,43,25,True
Konyaspor,2022-23,36,12,15,9,49,41,8,51,8,0,51,8,23,28,True
Konyaspor,2023-24,38,9,14,15,40,53,-13,41,16,0,41,16,23,18,True
Konyaspor,2024-25,36,13,7,16,45,50,-5,46,11,0,46,11,32,14,True
Konyaspor,2025-26,34,10,10,14,43,50,-7,40,9,0,40,9,24,16,True
Osmanlıspor,2016-17,34,9,11,14,37,45,-8,38,13,0,38,13,15,23,True
Osmanlıspor,2017-18,34,8,9,17,49,60,-11,33,16,0,33,16,23,10,True
Osmanlıspor,2018-19,,,,,,,,,,,,,,,False
Osmanlıspor,2019-20,,,,,,,,,,,,,,,False
Osmanlıspor,2020-21,,,,,,,,,,,,,,,False
Osmanlıspor,2021-22,,,,,,,,,,,,,,,False
Osmanlıspor,2022-23,,,,,,,,,,,,,,,False
Osmanlıspor,2023-24,,,,,,,,,,,,,,,False
Osmanlıspor,2024-25,,,,,,,,,,,,,,,False
Osmanlıspor,2025-26,,,,,,,,,,,,,,,False
Pendikspor,2016-17,,,,,,,,,,,,,,,False
Pendikspor,2017-18,,,,,,,,,,,,,,,False
Pendikspor,2018-19,,,,,,,,,,,,,,,False
Pendikspor,2019-20,,,,,,,,,,,,,,,False
Pendikspor,2020-21,,,,,,,,,,,,,,,False
Pendikspor,2021-22,,,,,,,,,,,,,,,False
Pendikspor,2022-23,,,,,,,,,,,,,,,False
Pendikspor,2023-24,38,9,10,19,42,73,-31,37,19,0,37,19,21,16,True
Pendikspor,2024-25,,,,,,,,,,,,,,,False
Pendikspor,2025-26,,,,,,,,,,,,,,,False
Samsunspor,2016-17,,,,,,,,,,,,,,,False
Samsunspor,2017-18,,,,,,,,,,,,,,,False
Samsunspor,2018-19,,,,,,,,,,,,,,,False
Samsunspor,2019-20,,,,,,,,,,,,,,,False
Samsunspor,2020-21,,,,,,,,,,,,,,,False
Samsunspor,2021-22,,,,,,,,,,,,,,,False
Samsunspor,2022-23,,,,,,,,,,,,,,,False
Samsunspor,2023-24,38,11,10,17,42,52,-10,43,14,0,43,13,35,8,True
Samsunspor,2024-25,36,19,7,10,55,41,14,64,3,0,64,3,35,29,True
Samsunspor,2025-26,34,13,12,9,46,45,1,51,7,0,51,7,28,23,True
Sivasspor,2016-17,,,,,,,,,,,,,,,False
Sivasspor,2017-18,34,14,7,13,45,53,-8,49,7,0,49,7,31,18,True
Sivasspor,2018-19,34,10,11,13,49,54,-5,41,12,0,41,12,27,14,True
Sivasspor,2019-20,34,17,9,8,55,38,17,60,4,0,60,4,37,23,True
Sivasspor,2020-21,40,16,17,7,54,43,11,65,5,0,65,5,30,35,True
Sivasspor,2021-22,38,14,12,12,52,50,2,54,10,0,54,10,29,25,True
Sivasspor,2022-23,36,11,8,17,46,54,-8,41,14,0,41,14,22,19,True
Sivasspor,2023-24,38,14,12,12,47,54,-7,54,7,0,54,7,29,25,True
Sivasspor,2024-25,36,9,8,19,44,60,-16,35,17,0,35,17,27,8,True
Sivasspor,2025-26,,,,,,,,,,,,,,,False
Trabzonspor,2016-17,34,14,9,11,39,34,5,51,6,0,51,6,23,28,True
Trabzonspor,2017-18,34,15,10,9,63,51,12,55,5,0,55,5,29,26,True
Trabzonspor,2018-19,34,18,9,7,64,46,18,63,4,0,63,4,38,25,True
Trabzonspor,2019-20,34,18,11,5,76,42,34,65,2,0,65,2,32,33,True
Trabzonspor,2020-21,40,19,14,7,50,37,13,71,4,0,71,4,36,35,True
Trabzonspor,2021-22,38,23,12,3,69,36,33,81,1,0,81,1,43,38,True
Trabzonspor,2022-23,36,17,6,13,64,54,10,57,6,0,57,6,40,17,True
Trabzonspor,2023-24,38,21,4,13,69,50,19,67,3,0,67,3,37,30,True
Trabzonspor,2024-25,36,13,12,11,58,45,13,51,7,0,51,7,35,16,True
Trabzonspor,2025-26,34,20,9,5,61,39,22,69,3,0,69,3,33,36,True
Yeni Malatyaspor,2016-17,,,,,,,,,,,,,,,False
Yeni Malatyaspor,2017-18,34,11,10,13,38,45,-7,43,10,0,43,10,27,16,True
Yeni Malatyaspor,2018-19,34,13,8,13,47,46,1,47,5,0,47,5,31,16,True
Yeni Malatyaspor,2019-20,34,8,8,18,44,51,-7,32,16,0,32,16,16,16,True
Yeni Malatyaspor,2020-21,40,10,15,15,49,53,-4,45,15,0,45,15,29,16,True
Yeni Malatyaspor,2021-22,38,5,5,28,27,71,-44,20,20,0,20,20,12,8,True
Yeni Malatyaspor,2022-23,,,,,,,,,,,,,,,False
Yeni Malatyaspor,2023-24,,,,,,,,,,,,,,,False
Yeni Malatyaspor,2024-25,,,,,,,,,,,,,,,False
Yeni Malatyaspor,2025-26,,,,,,,,,,,,,,,False
Çaykur Rizespor,2016-17,34,10,6,18,44,53,-9,36,16,0,36,16,22,14,True
Çaykur Rizespor,2017-18,,,,,,,,,,,,,,,False
Çaykur Rizespor,2018-19,34,9,14,11,48,50,-2,41,11,0,41,11,22,19,True
Çaykur Rizespor,2019-20,34,10,5,19,38,57,-19,35,15,0,35,15,27,8,True
Çaykur Rizespor,2020-21,40,12,12,16,53,69,-16,48,13,0,48,13,28,20,True
Çaykur Rizespor,2021-22,38,10,6,22,44,71,-27,36,17,0,36,17,26,10,True
Çaykur Rizespor,2022-23,,,,,,,,,,,,,,,False
Çaykur Rizespor,2023-24,38,14,8,16,48,58,-10,50,9,0,50,9,38,12,True
Çaykur Rizespor,2024-25,36,15,4,17,52,58,-6,49,9,0,49,9,31,18,True
Çaykur Rizespor,2025-26,34,10,11,13,46,52,-6,41,8,0,41,8,27,14,True
Ümraniyespor,2016-17,,,,,,,,,,,,,,,False
Ümraniyespor,2017-18,,,,,,,,,,,,,,,False
Ümraniyespor,2018-19,,,,,,,,,,,,,,,False
Ümraniyespor,2019-20,,,,,,,,,,,,,,,False
Ümraniyespor,2020-21,,,,,,,,,,,,,,,False
Ümraniyespor,2021-22,,,,,,,,,,,,,,,False
Ümraniyespor,2022-23,36,7,9,20,47,64,-17,30,17,0,30,17,13,17,True
Ümraniyespor,2023-24,,,,,,,,,,,,,,,False
Ümraniyespor,2024-25,,,,,,,,,,,,,,,False
Ümraniyespor,2025-26,,,,,,,,,,,,,,,False
İstanbul Başakşehir,2016-17,34,21,10,3,63,28,35,73,2,0,73,2,41,32,True
İstanbul Başakşehir,2017-18,34,22,6,6,62,34,28,72,3,0,72,3,42,30,True
İstanbul Başakşehir,2018-19,34,19,10,5,49,22,27,67,2,0,67,2,35,32,True
İstanbul Başakşehir,2019-20,34,20,9,5,65,34,31,69,1,0,69,1,40,29,True
İstanbul Başakşehir,2020-21,40,12,12,16,43,55,-12,48,12,0,48,12,23,25,True
İstanbul Başakşehir,2021-22,38,19,8,11,56,36,20,65,4,0,65,4,38,27,True
İstanbul Başakşehir,2022-23,36,18,8,10,54,37,17,62,5,0,62,5,38,24,True
İstanbul Başakşehir,2023-24,38,18,7,13,57,43,14,61,4,0,61,4,33,28,True
İstanbul Başakşehir,2024-25,36,16,6,14,60,56,4,54,5,0,54,5,31,23,True
İstanbul Başakşehir,2025-26,34,16,9,9,58,35,23,57,5,0,57,5,30,27,True
İstanbulspor,2016-17,,,,,,,,,,,,,,,False
İstanbulspor,2017-18,,,,,,,,,,,,,,,False
İstanbulspor,2018-19,,,,,,,,,,,,,,,False
İstanbulspor,2019-20,,,,,,,,,,,,,,,False
İstanbulspor,2020-21,,,,,,,,,,,,,,,False
İstanbulspor,2021-22,,,,,,,,,,,,,,,False
İstanbulspor,2022-23,36,12,5,19,47,63,-16,41,12,0,41,12,21,20,True
İstanbulspor,2023-24,38,4,7,27,27,80,-53,19,20,3,16,20,9,10,True
İstanbulspor,2024-25,,,,,,,,,,,,,,,False
İstanbulspor,2025-26,,,,,,,,,,,,,,,False
