kaynak,kaynak_adi,standart_ad,kisa_kod
football-data,Ad. Demirspor,Adana Demirspor,ADS
logo (luukhopman/football-logos),Adana Demirspor,Adana Demirspor,ADS
openfootball,Adana Demirspor,Adana Demirspor,ADS
sofascore,Adana Demirspor,Adana Demirspor,ADS
transfermarkt,Adana Demirspor,Adana Demirspor,ADS
football-data,Adanaspor,Adanaspor,ADN
sofascore,Adanaspor,Adanaspor,ADN
transfermarkt,Adanaspor,Adanaspor,ADN
football-data,Akhisar Belediyespor,Akhisarspor,AKH
openfootball,Akhisar Belediyespor,Akhisarspor,AKH
sofascore,Akhisarspor,Akhisarspor,AKH
transfermarkt,Akhisar Belediyespor,Akhisarspor,AKH
transfermarkt,Akhisarspor,Akhisarspor,AKH
football-data,Alanyaspor,Alanyaspor,ALN
logo (luukhopman/football-logos),Alanyaspor,Alanyaspor,ALN
openfootball,Alanyaspor,Alanyaspor,ALN
sofascore,Alanyaspor,Alanyaspor,ALN
transfermarkt,Alanyaspor,Alanyaspor,ALN
football-data,Altay,Altay,ALT
logo (luukhopman/football-logos),Altay SK,Altay,ALT
sofascore,Altay,Altay,ALT
transfermarkt,Altay SK,Altay,ALT
logo (luukhopman/football-logos),Amed SK,Amedspor,AMD
football-data,Ankaragucu,Ankaragücü,ANK
logo (luukhopman/football-logos),MKE Ankaragücü,Ankaragücü,ANK
openfootball,MKE Ankaragücü,Ankaragücü,ANK
sofascore,MKE Ankaragücü,Ankaragücü,ANK
transfermarkt,Ankaragücü,Ankaragücü,ANK
football-data,Antalyaspor,Antalyaspor,ANT
logo (luukhopman/football-logos),Antalyaspor,Antalyaspor,ANT
openfootball,Antalyaspor,Antalyaspor,ANT
sofascore,Antalyaspor,Antalyaspor,ANT
transfermarkt,Antalyaspor,Antalyaspor,ANT
football-data,Besiktas,Beşiktaş,BJK
logo (luukhopman/football-logos),Besiktas JK,Beşiktaş,BJK
openfootball,Beşiktaş,Beşiktaş,BJK
sofascore,Beşiktaş JK,Beşiktaş,BJK
transfermarkt,Beşiktaş JK,Beşiktaş,BJK
football-data,Bodrumspor,Bodrum FK,BOD
logo (luukhopman/football-logos),Bodrum FK,Bodrum FK,BOD
openfootball,Bodrum FK,Bodrum FK,BOD
sofascore,Bodrum FK,Bodrum FK,BOD
transfermarkt,Bodrum FK,Bodrum FK,BOD
football-data,Bursaspor,Bursaspor,BUR
openfootball,Bursaspor,Bursaspor,BUR
sofascore,Bursaspor,Bursaspor,BUR
transfermarkt,Bursaspor,Bursaspor,BUR
football-data,Denizlispor,Denizlispor,DEN
openfootball,Denizlispor,Denizlispor,DEN
sofascore,Denizlispor,Denizlispor,DEN
transfermarkt,Denizlispor,Denizlispor,DEN
football-data,Erzurum BB,Erzurumspor,ERZ
logo (luukhopman/football-logos),Erzurumspor FK,Erzurumspor,ERZ
openfootball,BB Erzurumspor,Erzurumspor,ERZ
sofascore,Erzurumspor FK,Erzurumspor,ERZ
transfermarkt,Büyükşehir Belediye Erzurumspor,Erzurumspor,ERZ
football-data,Eyupspor,Eyüpspor,EYP
logo (luukhopman/football-logos),Eyüpspor,Eyüpspor,EYP
openfootball,Eyüpspor,Eyüpspor,EYP
sofascore,Eyüpspor,Eyüpspor,EYP
transfermarkt,Eyüpspor,Eyüpspor,EYP
football-data,Karagumruk,Fatih Karagümrük,FKG
logo (luukhopman/football-logos),Fatih Karagümrük,Fatih Karagümrük,FKG
openfootball,Fatih Karagümrük,Fatih Karagümrük,FKG
sofascore,Fatih Karagümrük,Fatih Karagümrük,FKG
transfermarkt,Fatih Karagümrük,Fatih Karagümrük,FKG
football-data,Fenerbahce,Fenerbahçe,FB
logo (luukhopman/football-logos),Fenerbahce,Fenerbahçe,FB
openfootball,Fenerbahçe,Fenerbahçe,FB
sofascore,Fenerbahçe,Fenerbahçe,FB
transfermarkt,Fenerbahçe SK,Fenerbahçe,FB
football-data,Galatasaray,Galatasaray,GS
logo (luukhopman/football-logos),Galatasaray,Galatasaray,GS
openfootball,Galatasaray,Galatasaray,GS
sofascore,Galatasaray,Galatasaray,GS
transfermarkt,Galatasaray SK,Galatasaray,GS
football-data,Gaziantep,Gaziantep FK,GFK
logo (luukhopman/football-logos),Gaziantep FK,Gaziantep FK,GFK
openfootball,Gaziantep FK,Gaziantep FK,GFK
openfootball,Gazişehir Gaziantep FK,Gaziantep FK,GFK
sofascore,Gaziantep FK,Gaziantep FK,GFK
transfermarkt,Gaziantep FK,Gaziantep FK,GFK
football-data,Gaziantepspor,Gaziantepspor,GZS
sofascore,Gaziantepspor,Gaziantepspor,GZS
transfermarkt,Gaziantepspor,Gaziantepspor,GZS
football-data,Genclerbirligi,Gençlerbirliği,GB
logo (luukhopman/football-logos),Genclerbirligi Ankara,Gençlerbirliği,GB
openfootball,Gençlerbirliği,Gençlerbirliği,GB
sofascore,Gençlerbirliği,Gençlerbirliği,GB
transfermarkt,Gençlerbirliği SK,Gençlerbirliği,GB
football-data,Giresunspor,Giresunspor,GIR
logo (luukhopman/football-logos),Giresunspor,Giresunspor,GIR
sofascore,Giresunspor,Giresunspor,GIR
transfermarkt,Giresunspor,Giresunspor,GIR
football-data,Goztep,Göztepe,GÖZ
logo (luukhopman/football-logos),Göztepe,Göztepe,GÖZ
openfootball,Göztepe,Göztepe,GÖZ
sofascore,Göztepe,Göztepe,GÖZ
transfermarkt,Göztepe,Göztepe,GÖZ
football-data,Hatayspor,Hatayspor,HAT
logo (luukhopman/football-logos),Hatayspor,Hatayspor,HAT
openfootball,Hatayspor,Hatayspor,HAT
sofascore,Hatayspor,Hatayspor,HAT
transfermarkt,Hatayspor,Hatayspor,HAT
football-data,Karabukspor,Karabükspor,KAR
sofascore,Karabükspor,Karabükspor,KAR
transfermarkt,Kardemir Karabükspor,Karabükspor,KAR
football-data,Kasimpasa,Kasımpaşa,KAS
logo (luukhopman/football-logos),Kasimpasa,Kasımpaşa,KAS
openfootball,Kasımpaşa SK,Kasımpaşa,KAS
sofascore,Kasımpaşa,Kasımpaşa,KAS
transfermarkt,Kasımpaşa,Kasımpaşa,KAS
football-data,Kayserispor,Kayserispor,KAY
logo (luukhopman/football-logos),Kayserispor,Kayserispor,KAY
openfootball,Kayserispor,Kayserispor,KAY
sofascore,Kayserispor,Kayserispor,KAY
transfermarkt,Kayserispor,Kayserispor,KAY
football-data,Kocaelispor,Kocaelispor,KOC
logo (luukhopman/football-logos),Kocaelispor,Kocaelispor,KOC
openfootball,Kocaelispor,Kocaelispor,KOC
sofascore,Kocaelispor,Kocaelispor,KOC
transfermarkt,Kocaelispor,Kocaelispor,KOC
football-data,Konyaspor,Konyaspor,KON
logo (luukhopman/football-logos),Konyaspor,Konyaspor,KON
openfootball,Atiker Konyaspor,Konyaspor,KON
openfootball,Konyaspor,Konyaspor,KON
sofascore,Konyaspor,Konyaspor,KON
transfermarkt,Konyaspor,Konyaspor,KON
football-data,Osmanlispor,Osmanlıspor,OSM
sofascore,Ankaraspor,Osmanlıspor,OSM
transfermarkt,Osmanlıspor FK,Osmanlıspor,OSM
football-data,Pendikspor,Pendikspor,PEN
logo (luukhopman/football-logos),Pendikspor,Pendikspor,PEN
openfootball,Pendikspor,Pendikspor,PEN
sofascore,Pendikspor,Pendikspor,PEN
transfermarkt,Pendikspor,Pendikspor,PEN
football-data,Samsunspor,Samsunspor,SAM
logo (luukhopman/football-logos),Samsunspor,Samsunspor,SAM
openfootball,Samsunspor,Samsunspor,SAM
sofascore,Samsunspor,Samsunspor,SAM
transfermarkt,Samsunspor,Samsunspor,SAM
football-data,Sivasspor,Sivasspor,SİV
logo (luukhopman/football-logos),Sivasspor,Sivasspor,SİV
openfootball,Sivasspor,Sivasspor,SİV
sofascore,Sivasspor,Sivasspor,SİV
transfermarkt,Sivasspor,Sivasspor,SİV
football-data,Trabzonspor,Trabzonspor,TS
logo (luukhopman/football-logos),Trabzonspor,Trabzonspor,TS
openfootball,Trabzonspor,Trabzonspor,TS
sofascore,Trabzonspor,Trabzonspor,TS
transfermarkt,Trabzonspor,Trabzonspor,TS
football-data,Yeni Malatyaspor,Yeni Malatyaspor,YMS
logo (luukhopman/football-logos),Y. Malatyaspor,Yeni Malatyaspor,YMS
openfootball,Yeni Malatyaspor,Yeni Malatyaspor,YMS
sofascore,Yeni Malatyaspor,Yeni Malatyaspor,YMS
transfermarkt,Yeni Malatyaspor,Yeni Malatyaspor,YMS
football-data,Rizespor,Çaykur Rizespor,RIZ
logo (luukhopman/football-logos),Caykur Rizespor,Çaykur Rizespor,RIZ
openfootball,Çaykur Rizespor,Çaykur Rizespor,RIZ
sofascore,Çaykur Rizespor,Çaykur Rizespor,RIZ
transfermarkt,Çaykur Rizespor,Çaykur Rizespor,RIZ
logo (luukhopman/football-logos),Corum FK,Çorum FK,COR
football-data,Umraniyespor,Ümraniyespor,ÜMR
logo (luukhopman/football-logos),Ümraniyespor,Ümraniyespor,ÜMR
sofascore,Ümraniyespor,Ümraniyespor,ÜMR
transfermarkt,Ümraniyespor,Ümraniyespor,ÜMR
football-data,Buyuksehyr,İstanbul Başakşehir,İBB
logo (luukhopman/football-logos),Basaksehir FK,İstanbul Başakşehir,İBB
openfootball,İstanbul Başakşehir,İstanbul Başakşehir,İBB
sofascore,Başakşehir FK,İstanbul Başakşehir,İBB
transfermarkt,İstanbul Başakşehir FK,İstanbul Başakşehir,İBB
football-data,Istanbulspor,İstanbulspor,İST
logo (luukhopman/football-logos),Istanbulspor,İstanbulspor,İST
openfootball,İstanbulspor AŞ,İstanbulspor,İST
sofascore,İstanbulspor,İstanbulspor,İST
transfermarkt,İstanbulspor,İstanbulspor,İST
