takim,dosya,tur,kaynak
Adana Demirspor,ADS.png,amblem,luukhopman/football-logos/history/2023-24/Türkiye - Süper Lig/Adana Demirspor.png
Adanaspor,ADN.png,yer_tutucu,üretilmiş rozet
Akhisarspor,AKH.png,yer_tutucu,üretilmiş rozet
Alanyaspor,ALN.png,amblem,luukhopman/football-logos/logos/Türkiye - Süper Lig/Alanyaspor.png
Altay,ALT.png,amblem,luukhopman/football-logos/history/2021-22/Türkiye - Süper Lig/Altay SK.png
Amedspor,AMD.png,amblem,luukhopman/football-logos/logos/Türkiye - Süper Lig/Amed SK.png
Ankaragücü,ANK.png,amblem,luukhopman/football-logos/history/2023-24/Türkiye - Süper Lig/MKE Ankaragücü.png
Antalyaspor,ANT.png,amblem,luukhopman/football-logos/history/2024-25/Türkiye - Süper Lig/Antalyaspor.png
Beşiktaş,BJK.png,amblem,luukhopman/football-logos/logos/Türkiye - Süper Lig/Besiktas JK.png
Bodrum FK,BOD.png,amblem,luukhopman/football-logos/history/2024-25/Türkiye - Süper Lig/Bodrum FK.png
Bursaspor,BUR.png,yer_tutucu,üretilmiş rozet
Çaykur Rizespor,RIZ.png,amblem,luukhopman/football-logos/logos/Türkiye - Süper Lig/Caykur Rizespor.png
Çorum FK,COR.png,amblem,luukhopman/football-logos/logos/Türkiye - Süper Lig/Corum FK.png
Denizlispor,DEN.png,yer_tutucu,üretilmiş rozet
Erzurumspor,ERZ.png,amblem,luukhopman/football-logos/logos/Türkiye - Süper Lig/Erzurumspor FK.png
Eyüpspor,EYP.png,amblem,luukhopman/football-logos/logos/Türkiye - Süper Lig/Eyüpspor.png
Fatih Karagümrük,FKG.png,amblem,luukhopman/football-logos/history/2023-24/Türkiye - Süper Lig/Fatih Karagümrük.png
Fenerbahçe,FB.png,amblem,luukhopman/football-logos/logos/Türkiye - Süper Lig/Fenerbahce.png
Galatasaray,GS.png,amblem,luukhopman/football-logos/logos/Türkiye - Süper Lig/Galatasaray.png
Gaziantep FK,GFK.png,amblem,luukhopman/football-logos/logos/Türkiye - Süper Lig/Gaziantep FK.png
Gaziantepspor,GZS.png,yer_tutucu,üretilmiş rozet
Gençlerbirliği,GB.png,amblem,luukhopman/football-logos/logos/Türkiye - Süper Lig/Genclerbirligi Ankara.png
Giresunspor,GIR.png,amblem,luukhopman/football-logos/history/2022-23/Türkiye - Süper Lig/Giresunspor.png
Göztepe,GOZ.png,amblem,luukhopman/football-logos/logos/Türkiye - Süper Lig/Göztepe.png
Hatayspor,HAT.png,amblem,luukhopman/football-logos/history/2024-25/Türkiye - Süper Lig/Hatayspor.png
İstanbul Başakşehir,IBB.png,amblem,luukhopman/football-logos/logos/Türkiye - Süper Lig/Basaksehir FK.png
İstanbulspor,IST.png,amblem,luukhopman/football-logos/history/2023-24/Türkiye - Süper Lig/Istanbulspor.png
Karabükspor,KAR.png,yer_tutucu,üretilmiş rozet
Kasımpaşa,KAS.png,amblem,luukhopman/football-logos/logos/Türkiye - Süper Lig/Kasimpasa.png
Kayserispor,KAY.png,amblem,luukhopman/football-logos/history/2025-26/Türkiye - Süper Lig/Kayserispor.png
Kocaelispor,KOC.png,amblem,luukhopman/football-logos/logos/Türkiye - Süper Lig/Kocaelispor.png
Konyaspor,KON.png,amblem,luukhopman/football-logos/logos/Türkiye - Süper Lig/Konyaspor.png
Osmanlıspor,OSM.png,yer_tutucu,üretilmiş rozet
Pendikspor,PEN.png,amblem,luukhopman/football-logos/history/2023-24/Türkiye - Süper Lig/Pendikspor.png
Samsunspor,SAM.png,amblem,luukhopman/football-logos/logos/Türkiye - Süper Lig/Samsunspor.png
Sivasspor,SIV.png,amblem,luukhopman/football-logos/history/2024-25/Türkiye - Süper Lig/Sivasspor.png
Trabzonspor,TS.png,amblem,luukhopman/football-logos/logos/Türkiye - Süper Lig/Trabzonspor.png
Ümraniyespor,UMR.png,amblem,luukhopman/football-logos/history/2022-23/Türkiye - Süper Lig/Ümraniyespor.png
Yeni Malatyaspor,YMS.png,amblem,luukhopman/football-logos/history/2021-22/Türkiye - Süper Lig/Y. Malatyaspor.png
